Id;Label;Attribute
1;"Node 1";1
2;"Node 2";1
3;"Node 3";1
4;"Node 4";1
5;"Node 5";1
6;"Node 6";1
7;"Node 7";1
8;"Node 8";1
9;"Node 9";1
10;"Node 10";1
11;"Node 11";1
12;"Node 12";1
13;"Node 13";1
14;"Node 14";1
15;"Node 15";1
16;"Node 16";1
17;"Node 17";1
18;"Node 18";1
19;"Node 19";1
20;"Node 20";1
21;"Node 21";1
22;"Node 22";1
23;"Node 23";1
24;"Node 24";1
25;"Node 25";1
26;"Node 26";1
27;"Node 27";1
28;"Node 28";1
29;"Node 29";1
30;"Node 30";1
31;"Node 31";1
32;"Node 32";1
33;"Node 33";1
34;"Node 34";1
35;"Node 35";1
36;"Node 36";1
37;"Node 37";1
38;"Node 38";1
39;"Node 39";1
40;"Node 40";1
41;"Node 41";1
42;"Node 42";1
43;"Node 43";1
44;"Node 44";1
45;"Node 45";1
46;"Node 46";1
47;"Node 47";1
48;"Node 48";1
49;"Node 49";1
50;"Node 50";1
51;"Node 51";1
52;"Node 52";1
53;"Node 53";1
54;"Node 54";1
55;"Node 55";1
56;"Node 56";1
57;"Node 57";1
58;"Node 58";1
59;"Node 59";1
60;"Node 60";1
61;"Node 61";1
62;"Node 62";1
63;"Node 63";1
64;"Node 64";1
65;"Node 65";1
66;"Node 66";1
67;"Node 67";1
68;"Node 68";1
69;"Node 69";1
70;"Node 70";1
71;"Node 71";1
72;"Node 72";1
73;"Node 73";1
74;"Node 74";1
75;"Node 75";1
76;"Node 76";1
77;"Node 77";1
78;"Node 78";1
79;"Node 79";1
80;"Node 80";1
81;"Node 81";1
82;"Node 82";1
83;"Node 83";1
84;"Node 84";1
85;"Node 85";1
86;"Node 86";1
87;"Node 87";1
88;"Node 88";1
89;"Node 89";1
90;"Node 90";1
91;"Node 91";1
92;"Node 92";1
93;"Node 93";1
94;"Node 94";1
95;"Node 95";1
96;"Node 96";1
97;"Node 97";1
98;"Node 98";1
99;"Node 99";1
100;"Node 100";1
101;"Node 101";1
102;"Node 102";1
103;"Node 103";1
104;"Node 104";1
105;"Node 105";1
106;"Node 106";1
107;"Node 107";1
108;"Node 108";1
109;"Node 109";1
110;"Node 110";1
111;"Node 111";1
112;"Node 112";1
113;"Node 113";1
114;"Node 114";1
115;"Node 115";1
116;"Node 116";1
117;"Node 117";1
118;"Node 118";1
119;"Node 119";1
120;"Node 120";1
121;"Node 121";1
122;"Node 122";1
123;"Node 123";1
124;"Node 124";1
125;"Node 125";1
126;"Node 126";1
127;"Node 127";1
128;"Node 128";1
129;"Node 129";1
130;"Node 130";1
131;"Node 131";1
132;"Node 132";1
133;"Node 133";1
134;"Node 134";1
135;"Node 135";1
136;"Node 136";1
137;"Node 137";1
138;"Node 138";1
139;"Node 139";1
140;"Node 140";1
141;"Node 141";1
142;"Node 142";1
143;"Node 143";1
144;"Node 144";1
145;"Node 145";1
146;"Node 146";1
147;"Node 147";1
148;"Node 148";1
149;"Node 149";1
150;"Node 150";1
151;"Node 151";1
152;"Node 152";1
153;"Node 153";1
154;"Node 154";1
155;"Node 155";1
156;"Node 156";1
157;"Node 157";1
158;"Node 158";1
159;"Node 159";1
160;"Node 160";1
161;"Node 161";1
162;"Node 162";1
163;"Node 163";1
164;"Node 164";1
165;"Node 165";1
166;"Node 166";1
167;"Node 167";1
168;"Node 168";1
169;"Node 169";1
170;"Node 170";1
171;"Node 171";1
172;"Node 172";1
173;"Node 173";1
174;"Node 174";1
175;"Node 175";1
176;"Node 176";1
177;"Node 177";1
178;"Node 178";1
179;"Node 179";1
180;"Node 180";1
181;"Node 181";1
182;"Node 182";1
183;"Node 183";1
184;"Node 184";1
185;"Node 185";1
186;"Node 186";1
187;"Node 187";1
188;"Node 188";1
189;"Node 189";1
190;"Node 190";1
191;"Node 191";1
192;"Node 192";1
193;"Node 193";1
194;"Node 194";1
195;"Node 195";1
196;"Node 196";1
197;"Node 197";1
198;"Node 198";1
199;"Node 199";1
200;"Node 200";1
201;"Node 201";1
202;"Node 202";1
203;"Node 203";1
204;"Node 204";1
205;"Node 205";1
206;"Node 206";1
207;"Node 207";1
208;"Node 208";1
209;"Node 209";1
210;"Node 210";1
211;"Node 211";1
212;"Node 212";1
213;"Node 213";1
214;"Node 214";1
215;"Node 215";1
216;"Node 216";1
217;"Node 217";1
218;"Node 218";1
219;"Node 219";1
220;"Node 220";1
221;"Node 221";1
222;"Node 222";1
223;"Node 223";1
224;"Node 224";1
225;"Node 225";1
226;"Node 226";1
227;"Node 227";1
228;"Node 228";1
229;"Node 229";1
230;"Node 230";1
231;"Node 231";1
232;"Node 232";1
233;"Node 233";1
234;"Node 234";1
235;"Node 235";1
236;"Node 236";1
237;"Node 237";1
238;"Node 238";1
239;"Node 239";1
240;"Node 240";1
241;"Node 241";1
242;"Node 242";1
243;"Node 243";1
244;"Node 244";1
245;"Node 245";1
246;"Node 246";1
247;"Node 247";1
248;"Node 248";1
249;"Node 249";1
250;"Node 250";1
251;"Node 251";1
252;"Node 252";1
253;"Node 253";1
254;"Node 254";1
255;"Node 255";1
256;"Node 256";1
257;"Node 257";1
258;"Node 258";1
259;"Node 259";1
260;"Node 260";1
261;"Node 261";1
262;"Node 262";1
263;"Node 263";1
264;"Node 264";1
265;"Node 265";1
266;"Node 266";1
267;"Node 267";1
268;"Node 268";1
269;"Node 269";1
270;"Node 270";1
271;"Node 271";1
272;"Node 272";1
273;"Node 273";1
274;"Node 274";1
275;"Node 275";1
276;"Node 276";1
277;"Node 277";1
278;"Node 278";1
279;"Node 279";1
280;"Node 280";1
281;"Node 281";1
282;"Node 282";1
283;"Node 283";1
284;"Node 284";1
285;"Node 285";1
286;"Node 286";1
287;"Node 287";1
288;"Node 288";1
289;"Node 289";1
290;"Node 290";1
291;"Node 291";1
292;"Node 292";1
293;"Node 293";1
294;"Node 294";1
295;"Node 295";1
296;"Node 296";1
297;"Node 297";1
298;"Node 298";1
299;"Node 299";1
300;"Node 300";1
301;"Node 301";1
302;"Node 302";1
303;"Node 303";1
304;"Node 304";1
305;"Node 305";1
306;"Node 306";1
307;"Node 307";1
308;"Node 308";1
309;"Node 309";1
310;"Node 310";1
311;"Node 311";1
312;"Node 312";1
313;"Node 313";1
314;"Node 314";1
315;"Node 315";1
316;"Node 316";1
317;"Node 317";1
318;"Node 318";1
319;"Node 319";1
320;"Node 320";1
321;"Node 321";1
322;"Node 322";1
323;"Node 323";1
324;"Node 324";1
325;"Node 325";1
326;"Node 326";1
327;"Node 327";1
328;"Node 328";1
329;"Node 329";1
330;"Node 330";1
331;"Node 331";1
332;"Node 332";1
333;"Node 333";1
334;"Node 334";1
335;"Node 335";1
336;"Node 336";1
337;"Node 337";1
338;"Node 338";1
339;"Node 339";1
340;"Node 340";1
341;"Node 341";1
342;"Node 342";1
343;"Node 343";1
344;"Node 344";1
345;"Node 345";1
346;"Node 346";1
347;"Node 347";1
348;"Node 348";1
349;"Node 349";1
350;"Node 350";1
351;"Node 351";1
352;"Node 352";1
353;"Node 353";1
354;"Node 354";1
355;"Node 355";1
356;"Node 356";1
357;"Node 357";1
358;"Node 358";1
359;"Node 359";1
360;"Node 360";1
361;"Node 361";1
362;"Node 362";1
363;"Node 363";1
364;"Node 364";1
365;"Node 365";1
366;"Node 366";1
367;"Node 367";1
368;"Node 368";1
369;"Node 369";1
370;"Node 370";1
371;"Node 371";1
372;"Node 372";1
373;"Node 373";1
374;"Node 374";1
375;"Node 375";1
376;"Node 376";1
377;"Node 377";1
378;"Node 378";1
379;"Node 379";1
380;"Node 380";1
381;"Node 381";1
382;"Node 382";1
383;"Node 383";1
384;"Node 384";1
385;"Node 385";1
386;"Node 386";1
387;"Node 387";1
388;"Node 388";1
389;"Node 389";1
390;"Node 390";1
391;"Node 391";1
392;"Node 392";1
393;"Node 393";1
394;"Node 394";1
395;"Node 395";1
396;"Node 396";1
397;"Node 397";1
398;"Node 398";1
399;"Node 399";1
400;"Node 400";1
401;"Node 401";1
402;"Node 402";1
403;"Node 403";1
404;"Node 404";1
405;"Node 405";1
406;"Node 406";1
407;"Node 407";1
408;"Node 408";1
409;"Node 409";1
410;"Node 410";1
411;"Node 411";1
412;"Node 412";1
413;"Node 413";1
414;"Node 414";1
415;"Node 415";1
416;"Node 416";1
417;"Node 417";1
418;"Node 418";1
419;"Node 419";1
420;"Node 420";1
421;"Node 421";1
422;"Node 422";1
423;"Node 423";1
424;"Node 424";1
425;"Node 425";1
426;"Node 426";1
427;"Node 427";1
428;"Node 428";1
429;"Node 429";1
430;"Node 430";1
431;"Node 431";1
432;"Node 432";1
433;"Node 433";1
434;"Node 434";1
435;"Node 435";1
436;"Node 436";1
437;"Node 437";1
438;"Node 438";1
439;"Node 439";1
440;"Node 440";1
441;"Node 441";1
442;"Node 442";1
443;"Node 443";1
444;"Node 444";1
445;"Node 445";1
446;"Node 446";1
447;"Node 447";1
448;"Node 448";1
449;"Node 449";1
450;"Node 450";1
451;"Node 451";1
452;"Node 452";1
453;"Node 453";1
454;"Node 454";1
455;"Node 455";1
456;"Node 456";1
457;"Node 457";1
458;"Node 458";1
459;"Node 459";1
460;"Node 460";1
461;"Node 461";1
462;"Node 462";1
463;"Node 463";1
464;"Node 464";1
465;"Node 465";1
466;"Node 466";1
467;"Node 467";1
468;"Node 468";1
469;"Node 469";1
470;"Node 470";1
471;"Node 471";1
472;"Node 472";1
473;"Node 473";1
474;"Node 474";1
475;"Node 475";1
476;"Node 476";1
477;"Node 477";1
478;"Node 478";1
479;"Node 479";1
480;"Node 480";1
481;"Node 481";1
482;"Node 482";1
483;"Node 483";1
484;"Node 484";1
485;"Node 485";1
486;"Node 486";1
487;"Node 487";1
488;"Node 488";1
489;"Node 489";1
490;"Node 490";1
491;"Node 491";1
492;"Node 492";1
493;"Node 493";1
494;"Node 494";1
495;"Node 495";1
496;"Node 496";1
497;"Node 497";1
498;"Node 498";1
499;"Node 499";1
500;"Node 500";1
501;"Node 501";1
502;"Node 502";1
503;"Node 503";1
504;"Node 504";1
505;"Node 505";1
506;"Node 506";1
507;"Node 507";1
508;"Node 508";1
509;"Node 509";1
510;"Node 510";1
511;"Node 511";1
512;"Node 512";1
513;"Node 513";1
514;"Node 514";1
515;"Node 515";1
516;"Node 516";1
517;"Node 517";1
518;"Node 518";1
519;"Node 519";1
520;"Node 520";1
521;"Node 521";1
522;"Node 522";1
523;"Node 523";1
524;"Node 524";1
525;"Node 525";1
526;"Node 526";1
527;"Node 527";1
528;"Node 528";1
529;"Node 529";1
530;"Node 530";1
531;"Node 531";1
532;"Node 532";1
533;"Node 533";1
534;"Node 534";1
535;"Node 535";1
536;"Node 536";1
537;"Node 537";1
538;"Node 538";1
539;"Node 539";1
540;"Node 540";1
541;"Node 541";1
542;"Node 542";1
543;"Node 543";1
544;"Node 544";1
545;"Node 545";1
546;"Node 546";1
547;"Node 547";1
548;"Node 548";1
549;"Node 549";1
550;"Node 550";1
551;"Node 551";1
552;"Node 552";1
553;"Node 553";1
554;"Node 554";1
555;"Node 555";1
556;"Node 556";1
557;"Node 557";1
558;"Node 558";1
559;"Node 559";1
560;"Node 560";1
561;"Node 561";1
562;"Node 562";1
563;"Node 563";1
564;"Node 564";1
565;"Node 565";1
566;"Node 566";1
567;"Node 567";1
568;"Node 568";1
569;"Node 569";1
570;"Node 570";1
571;"Node 571";1
572;"Node 572";1
573;"Node 573";1
574;"Node 574";1
575;"Node 575";1
576;"Node 576";1
577;"Node 577";1
578;"Node 578";1
579;"Node 579";1
580;"Node 580";1
581;"Node 581";1
582;"Node 582";1
583;"Node 583";1
584;"Node 584";1
585;"Node 585";1
586;"Node 586";1
587;"Node 587";1
588;"Node 588";1
589;"Node 589";1
590;"Node 590";1
591;"Node 591";1
592;"Node 592";1
593;"Node 593";1
594;"Node 594";1
595;"Node 595";1
596;"Node 596";1
597;"Node 597";1
598;"Node 598";1
599;"Node 599";1
600;"Node 600";1
601;"Node 601";1
602;"Node 602";1
603;"Node 603";1
604;"Node 604";1
605;"Node 605";1
606;"Node 606";1
607;"Node 607";1
608;"Node 608";1
609;"Node 609";1
610;"Node 610";1
611;"Node 611";1
612;"Node 612";1
613;"Node 613";1
614;"Node 614";1
615;"Node 615";1
616;"Node 616";1
617;"Node 617";1
618;"Node 618";1
619;"Node 619";1
620;"Node 620";1
621;"Node 621";1
622;"Node 622";1
623;"Node 623";1
624;"Node 624";1
625;"Node 625";1
626;"Node 626";1
627;"Node 627";1
628;"Node 628";1
629;"Node 629";1
630;"Node 630";1
631;"Node 631";1
632;"Node 632";1
633;"Node 633";1
634;"Node 634";1
635;"Node 635";1
636;"Node 636";1
637;"Node 637";1
638;"Node 638";1
639;"Node 639";1
640;"Node 640";1
641;"Node 641";1
642;"Node 642";1
643;"Node 643";1
644;"Node 644";1
645;"Node 645";1
646;"Node 646";1
647;"Node 647";1
648;"Node 648";1
649;"Node 649";1
650;"Node 650";1
651;"Node 651";1
652;"Node 652";1
653;"Node 653";1
654;"Node 654";1
655;"Node 655";1
656;"Node 656";1
657;"Node 657";1
658;"Node 658";1
659;"Node 659";1
660;"Node 660";1
661;"Node 661";1
662;"Node 662";1
663;"Node 663";1
664;"Node 664";1
665;"Node 665";1
666;"Node 666";1
667;"Node 667";1
668;"Node 668";1
669;"Node 669";1
670;"Node 670";1
671;"Node 671";1
672;"Node 672";1
673;"Node 673";1
674;"Node 674";1
675;"Node 675";1
676;"Node 676";1
677;"Node 677";1
678;"Node 678";1
679;"Node 679";1
680;"Node 680";1
681;"Node 681";1
682;"Node 682";1
683;"Node 683";1
684;"Node 684";1
685;"Node 685";1
686;"Node 686";1
687;"Node 687";1
688;"Node 688";1
689;"Node 689";1
690;"Node 690";1
691;"Node 691";1
692;"Node 692";1
693;"Node 693";1
694;"Node 694";1
695;"Node 695";1
696;"Node 696";1
697;"Node 697";1
698;"Node 698";1
699;"Node 699";1
700;"Node 700";1
701;"Node 701";1
702;"Node 702";1
703;"Node 703";1
704;"Node 704";1
705;"Node 705";1
706;"Node 706";1
707;"Node 707";1
708;"Node 708";1
709;"Node 709";1
710;"Node 710";1
711;"Node 711";1
712;"Node 712";1
713;"Node 713";1
714;"Node 714";1
715;"Node 715";1
716;"Node 716";1
717;"Node 717";1
718;"Node 718";1
719;"Node 719";1
720;"Node 720";1
721;"Node 721";1
722;"Node 722";1
723;"Node 723";1
724;"Node 724";1
725;"Node 725";1
726;"Node 726";1
727;"Node 727";1
728;"Node 728";1
729;"Node 729";1
730;"Node 730";1
731;"Node 731";1
732;"Node 732";1
733;"Node 733";1
734;"Node 734";1
735;"Node 735";1
736;"Node 736";1
737;"Node 737";1
738;"Node 738";1
739;"Node 739";1
740;"Node 740";1
741;"Node 741";1
742;"Node 742";1
743;"Node 743";1
744;"Node 744";1
745;"Node 745";1
746;"Node 746";1
747;"Node 747";1
748;"Node 748";1
749;"Node 749";1
750;"Node 750";1
751;"Node 751";1
752;"Node 752";1
753;"Node 753";1
754;"Node 754";1
755;"Node 755";1
756;"Node 756";1
757;"Node 757";1
758;"Node 758";1
759;"Node 759";1
760;"Node 760";1
761;"Node 761";1
762;"Node 762";1
763;"Node 763";1
764;"Node 764";1
765;"Node 765";1
766;"Node 766";1
767;"Node 767";1
768;"Node 768";1
769;"Node 769";1
770;"Node 770";1
771;"Node 771";1
772;"Node 772";1
773;"Node 773";1
774;"Node 774";1
775;"Node 775";1
776;"Node 776";1
777;"Node 777";1
778;"Node 778";1
779;"Node 779";1
780;"Node 780";1
781;"Node 781";1
782;"Node 782";1
783;"Node 783";1
784;"Node 784";1
785;"Node 785";1
786;"Node 786";1
787;"Node 787";1
788;"Node 788";1
789;"Node 789";1
790;"Node 790";1
791;"Node 791";1
792;"Node 792";1
793;"Node 793";1
794;"Node 794";1
795;"Node 795";1
796;"Node 796";1
797;"Node 797";1
798;"Node 798";1
799;"Node 799";1
800;"Node 800";1
801;"Node 801";1
802;"Node 802";1
803;"Node 803";1
804;"Node 804";1
805;"Node 805";1
806;"Node 806";1
807;"Node 807";1
808;"Node 808";1
809;"Node 809";1
810;"Node 810";1
811;"Node 811";1
812;"Node 812";1
813;"Node 813";1
814;"Node 814";1
815;"Node 815";1
816;"Node 816";1
817;"Node 817";1
818;"Node 818";1
819;"Node 819";1
820;"Node 820";1
821;"Node 821";1
822;"Node 822";1
823;"Node 823";1
824;"Node 824";1
825;"Node 825";1
826;"Node 826";1
827;"Node 827";1
828;"Node 828";1
829;"Node 829";1
830;"Node 830";1
831;"Node 831";1
832;"Node 832";1
833;"Node 833";1
834;"Node 834";1
835;"Node 835";1
836;"Node 836";1
837;"Node 837";1
838;"Node 838";1
839;"Node 839";1
840;"Node 840";1
841;"Node 841";1
842;"Node 842";1
843;"Node 843";1
844;"Node 844";1
845;"Node 845";1
846;"Node 846";1
847;"Node 847";1
848;"Node 848";1
849;"Node 849";1
850;"Node 850";1
851;"Node 851";1
852;"Node 852";1
853;"Node 853";1
854;"Node 854";1
855;"Node 855";1
856;"Node 856";1
857;"Node 857";1
858;"Node 858";1
859;"Node 859";1
860;"Node 860";1
861;"Node 861";1
862;"Node 862";1
863;"Node 863";1
864;"Node 864";1
865;"Node 865";1
866;"Node 866";1
867;"Node 867";1
868;"Node 868";1
869;"Node 869";1
870;"Node 870";1
871;"Node 871";1
872;"Node 872";1
873;"Node 873";1
874;"Node 874";1
875;"Node 875";1
876;"Node 876";1
877;"Node 877";1
878;"Node 878";1
879;"Node 879";1
880;"Node 880";1
881;"Node 881";1
882;"Node 882";1
883;"Node 883";1
884;"Node 884";1
885;"Node 885";1
886;"Node 886";1
887;"Node 887";1
888;"Node 888";1
889;"Node 889";1
890;"Node 890";1
891;"Node 891";1
892;"Node 892";1
893;"Node 893";1
894;"Node 894";1
895;"Node 895";1
896;"Node 896";1
897;"Node 897";1
898;"Node 898";1
899;"Node 899";1
900;"Node 900";1
901;"Node 901";1
902;"Node 902";1
903;"Node 903";1
904;"Node 904";1
905;"Node 905";1
906;"Node 906";1
907;"Node 907";1
908;"Node 908";1
909;"Node 909";1
910;"Node 910";1
911;"Node 911";1
912;"Node 912";1
913;"Node 913";1
914;"Node 914";1
915;"Node 915";1
916;"Node 916";1
917;"Node 917";1
918;"Node 918";1
919;"Node 919";1
920;"Node 920";1
921;"Node 921";1
922;"Node 922";1
923;"Node 923";1
924;"Node 924";1
925;"Node 925";1
926;"Node 926";1
927;"Node 927";1
928;"Node 928";1
929;"Node 929";1
930;"Node 930";1
931;"Node 931";1
932;"Node 932";1
933;"Node 933";1
934;"Node 934";1
935;"Node 935";1
936;"Node 936";1
937;"Node 937";1
938;"Node 938";1
939;"Node 939";1
940;"Node 940";1
941;"Node 941";1
942;"Node 942";1
943;"Node 943";1
944;"Node 944";1
945;"Node 945";1
946;"Node 946";1
947;"Node 947";1
948;"Node 948";1
949;"Node 949";1
950;"Node 950";1
951;"Node 951";1
952;"Node 952";1
953;"Node 953";1
954;"Node 954";1
955;"Node 955";1
956;"Node 956";1
957;"Node 957";1
958;"Node 958";1
959;"Node 959";1
960;"Node 960";1
961;"Node 961";1
962;"Node 962";1
963;"Node 963";1
964;"Node 964";1
965;"Node 965";1
966;"Node 966";1
967;"Node 967";1
968;"Node 968";1
969;"Node 969";1
970;"Node 970";1
971;"Node 971";1
972;"Node 972";1
973;"Node 973";1
974;"Node 974";1
975;"Node 975";1
976;"Node 976";1
977;"Node 977";1
978;"Node 978";1
979;"Node 979";1
980;"Node 980";1
981;"Node 981";1
982;"Node 982";1
983;"Node 983";1
984;"Node 984";1
985;"Node 985";1
986;"Node 986";1
987;"Node 987";1
988;"Node 988";1
989;"Node 989";1
990;"Node 990";1
991;"Node 991";1
992;"Node 992";1
993;"Node 993";1
994;"Node 994";1
995;"Node 995";1
996;"Node 996";1
997;"Node 997";1
998;"Node 998";1
999;"Node 999";1
1000;"Node 1000";1
1001;"Node 1001";1
1002;"Node 1002";1
1003;"Node 1003";1
1004;"Node 1004";1
1005;"Node 1005";1
1006;"Node 1006";1
1007;"Node 1007";1
1008;"Node 1008";1
1009;"Node 1009";1
1010;"Node 1010";1
1011;"Node 1011";1
1012;"Node 1012";1
1013;"Node 1013";1
1014;"Node 1014";1
1015;"Node 1015";1
1016;"Node 1016";1
1017;"Node 1017";1
1018;"Node 1018";1
1019;"Node 1019";1
1020;"Node 1020";1
1021;"Node 1021";1
1022;"Node 1022";1
1023;"Node 1023";1
1024;"Node 1024";1
1025;"Node 1025";1
1026;"Node 1026";1
1027;"Node 1027";1
1028;"Node 1028";1
1029;"Node 1029";1
1030;"Node 1030";1
1031;"Node 1031";1
1032;"Node 1032";1
1033;"Node 1033";1
1034;"Node 1034";1
1035;"Node 1035";1
1036;"Node 1036";1
1037;"Node 1037";1
1038;"Node 1038";1
1039;"Node 1039";1
1040;"Node 1040";1
1041;"Node 1041";1
1042;"Node 1042";1
1043;"Node 1043";1
1044;"Node 1044";1
1045;"Node 1045";1
1046;"Node 1046";1
1047;"Node 1047";1
1048;"Node 1048";1
1049;"Node 1049";1
1050;"Node 1050";1
1051;"Node 1051";1
1052;"Node 1052";1
1053;"Node 1053";1
1054;"Node 1054";1
1055;"Node 1055";1
1056;"Node 1056";1
1057;"Node 1057";1
1058;"Node 1058";1
1059;"Node 1059";1
1060;"Node 1060";1
1061;"Node 1061";1
1062;"Node 1062";1
1063;"Node 1063";1
1064;"Node 1064";1
1065;"Node 1065";1
1066;"Node 1066";1
1067;"Node 1067";1
1068;"Node 1068";1
1069;"Node 1069";1
1070;"Node 1070";1
1071;"Node 1071";1
1072;"Node 1072";1
1073;"Node 1073";1
1074;"Node 1074";1
1075;"Node 1075";1
1076;"Node 1076";1
1077;"Node 1077";1
1078;"Node 1078";1
1079;"Node 1079";1
1080;"Node 1080";1
1081;"Node 1081";1
1082;"Node 1082";1
1083;"Node 1083";1
1084;"Node 1084";1
1085;"Node 1085";1
1086;"Node 1086";1
1087;"Node 1087";1
1088;"Node 1088";1
1089;"Node 1089";1
1090;"Node 1090";1
1091;"Node 1091";1
1092;"Node 1092";1
1093;"Node 1093";1
1094;"Node 1094";1
1095;"Node 1095";1
1096;"Node 1096";1
1097;"Node 1097";1
1098;"Node 1098";1
1099;"Node 1099";1
1100;"Node 1100";1
1101;"Node 1101";1
1102;"Node 1102";1
1103;"Node 1103";1
1104;"Node 1104";1
1105;"Node 1105";1
1106;"Node 1106";1
1107;"Node 1107";1
1108;"Node 1108";1
1109;"Node 1109";1
1110;"Node 1110";1
1111;"Node 1111";1
1112;"Node 1112";1
1113;"Node 1113";1
1114;"Node 1114";1
1115;"Node 1115";1
1116;"Node 1116";1
1117;"Node 1117";1
1118;"Node 1118";1
1119;"Node 1119";1
1120;"Node 1120";1
1121;"Node 1121";1
1122;"Node 1122";1
1123;"Node 1123";1
1124;"Node 1124";1
1125;"Node 1125";1
1126;"Node 1126";1
1127;"Node 1127";1
1128;"Node 1128";1
1129;"Node 1129";1
1130;"Node 1130";1
1131;"Node 1131";1
1132;"Node 1132";1
1133;"Node 1133";1
1134;"Node 1134";1
1135;"Node 1135";1
1136;"Node 1136";1
1137;"Node 1137";1
1138;"Node 1138";1
1139;"Node 1139";1
1140;"Node 1140";1
1141;"Node 1141";1
1142;"Node 1142";1
1143;"Node 1143";1
1144;"Node 1144";1
1145;"Node 1145";1
1146;"Node 1146";1
1147;"Node 1147";1
1148;"Node 1148";1
1149;"Node 1149";1
1150;"Node 1150";1
1151;"Node 1151";1
1152;"Node 1152";1
1153;"Node 1153";1
1154;"Node 1154";1
1155;"Node 1155";1
1156;"Node 1156";1
1157;"Node 1157";1
1158;"Node 1158";1
1159;"Node 1159";1
1160;"Node 1160";1
1161;"Node 1161";1
1162;"Node 1162";1
1163;"Node 1163";1
1164;"Node 1164";1
1165;"Node 1165";1
1166;"Node 1166";1
1167;"Node 1167";1
1168;"Node 1168";1
1169;"Node 1169";1
1170;"Node 1170";1
1171;"Node 1171";1
1172;"Node 1172";1
1173;"Node 1173";1
1174;"Node 1174";1
1175;"Node 1175";1
1176;"Node 1176";1
1177;"Node 1177";1
1178;"Node 1178";1
1179;"Node 1179";1
1180;"Node 1180";1
1181;"Node 1181";1
1182;"Node 1182";1
1183;"Node 1183";1
1184;"Node 1184";1
1185;"Node 1185";1
1186;"Node 1186";1
1187;"Node 1187";1
1188;"Node 1188";1
1189;"Node 1189";1
1190;"Node 1190";1
1191;"Node 1191";1
1192;"Node 1192";1
1193;"Node 1193";1
1194;"Node 1194";1
1195;"Node 1195";1
1196;"Node 1196";1
1197;"Node 1197";1
1198;"Node 1198";1
1199;"Node 1199";1
1200;"Node 1200";1
1201;"Node 1201";1
1202;"Node 1202";1
1203;"Node 1203";1
1204;"Node 1204";1
1205;"Node 1205";1
1206;"Node 1206";1
1207;"Node 1207";1
1208;"Node 1208";1
1209;"Node 1209";1
1210;"Node 1210";1
1211;"Node 1211";1
1212;"Node 1212";1
1213;"Node 1213";1
1214;"Node 1214";1
1215;"Node 1215";1
1216;"Node 1216";1
1217;"Node 1217";1
1218;"Node 1218";1
1219;"Node 1219";1
1220;"Node 1220";1
1221;"Node 1221";1
1222;"Node 1222";1
1223;"Node 1223";1
1224;"Node 1224";1
1225;"Node 1225";1
1226;"Node 1226";1
1227;"Node 1227";1
1228;"Node 1228";1
1229;"Node 1229";1
1230;"Node 1230";1
1231;"Node 1231";1
1232;"Node 1232";1
1233;"Node 1233";1
1234;"Node 1234";1
1235;"Node 1235";1
1236;"Node 1236";1
1237;"Node 1237";1
1238;"Node 1238";1
1239;"Node 1239";1
1240;"Node 1240";1
1241;"Node 1241";1
1242;"Node 1242";1
1243;"Node 1243";1
1244;"Node 1244";1
1245;"Node 1245";1
1246;"Node 1246";1
1247;"Node 1247";1
1248;"Node 1248";1
1249;"Node 1249";1
1250;"Node 1250";1
1251;"Node 1251";1
1252;"Node 1252";1
1253;"Node 1253";1
1254;"Node 1254";1
1255;"Node 1255";1
1256;"Node 1256";1
1257;"Node 1257";1
1258;"Node 1258";1
1259;"Node 1259";1
1260;"Node 1260";1
1261;"Node 1261";1
1262;"Node 1262";1
1263;"Node 1263";1
1264;"Node 1264";1
1265;"Node 1265";1
1266;"Node 1266";1
1267;"Node 1267";1
1268;"Node 1268";1
1269;"Node 1269";1
1270;"Node 1270";1
1271;"Node 1271";1
1272;"Node 1272";1
1273;"Node 1273";1
1274;"Node 1274";1
1275;"Node 1275";1
1276;"Node 1276";1
1277;"Node 1277";1
1278;"Node 1278";1
1279;"Node 1279";1
1280;"Node 1280";1
1281;"Node 1281";1
1282;"Node 1282";1
1283;"Node 1283";1
1284;"Node 1284";1
1285;"Node 1285";1
1286;"Node 1286";1
1287;"Node 1287";1
1288;"Node 1288";1
1289;"Node 1289";1
1290;"Node 1290";1
1291;"Node 1291";1
1292;"Node 1292";1
1293;"Node 1293";1
1294;"Node 1294";1
1295;"Node 1295";1
1296;"Node 1296";1
1297;"Node 1297";1
1298;"Node 1298";1
1299;"Node 1299";1
1300;"Node 1300";1
1301;"Node 1301";1
1302;"Node 1302";1
1303;"Node 1303";1
1304;"Node 1304";1
1305;"Node 1305";1
1306;"Node 1306";1
1307;"Node 1307";1
1308;"Node 1308";1
1309;"Node 1309";1
1310;"Node 1310";1
1311;"Node 1311";1
1312;"Node 1312";1
1313;"Node 1313";1
1314;"Node 1314";1
1315;"Node 1315";1
1316;"Node 1316";1
1317;"Node 1317";1
1318;"Node 1318";1
1319;"Node 1319";1
1320;"Node 1320";1
1321;"Node 1321";1
1322;"Node 1322";1
1323;"Node 1323";1
1324;"Node 1324";1
1325;"Node 1325";1
1326;"Node 1326";1
1327;"Node 1327";1
1328;"Node 1328";1
1329;"Node 1329";1
1330;"Node 1330";1
1331;"Node 1331";1
1332;"Node 1332";1
1333;"Node 1333";1
1334;"Node 1334";1
1335;"Node 1335";1
1336;"Node 1336";1
1337;"Node 1337";1
1338;"Node 1338";1
1339;"Node 1339";1
1340;"Node 1340";1
1341;"Node 1341";1
1342;"Node 1342";1
1343;"Node 1343";1
1344;"Node 1344";1
1345;"Node 1345";1
1346;"Node 1346";1
1347;"Node 1347";1
1348;"Node 1348";1
1349;"Node 1349";1
1350;"Node 1350";1
1351;"Node 1351";1
1352;"Node 1352";1
1353;"Node 1353";1
1354;"Node 1354";1
1355;"Node 1355";1
1356;"Node 1356";1
1357;"Node 1357";1
1358;"Node 1358";1
1359;"Node 1359";1
1360;"Node 1360";1
1361;"Node 1361";1
1362;"Node 1362";1
1363;"Node 1363";1
1364;"Node 1364";1
1365;"Node 1365";1
1366;"Node 1366";1
1367;"Node 1367";1
1368;"Node 1368";1
1369;"Node 1369";1
1370;"Node 1370";1
1371;"Node 1371";1
1372;"Node 1372";1
1373;"Node 1373";1
1374;"Node 1374";1
1375;"Node 1375";1
1376;"Node 1376";1
1377;"Node 1377";1
1378;"Node 1378";1
1379;"Node 1379";1
1380;"Node 1380";1
1381;"Node 1381";1
1382;"Node 1382";1
1383;"Node 1383";1
1384;"Node 1384";1
1385;"Node 1385";1
1386;"Node 1386";1
1387;"Node 1387";1
1388;"Node 1388";1
1389;"Node 1389";1
1390;"Node 1390";1
1391;"Node 1391";1
1392;"Node 1392";1
1393;"Node 1393";1
1394;"Node 1394";1
1395;"Node 1395";1
1396;"Node 1396";1
1397;"Node 1397";1
1398;"Node 1398";1
1399;"Node 1399";1
1400;"Node 1400";1
1401;"Node 1401";1
1402;"Node 1402";1
1403;"Node 1403";1
1404;"Node 1404";1
1405;"Node 1405";1
1406;"Node 1406";1
1407;"Node 1407";1
1408;"Node 1408";1
1409;"Node 1409";1
1410;"Node 1410";1
1411;"Node 1411";1
1412;"Node 1412";1
1413;"Node 1413";1
1414;"Node 1414";1
1415;"Node 1415";1
1416;"Node 1416";1
1417;"Node 1417";1
1418;"Node 1418";1
1419;"Node 1419";1
1420;"Node 1420";1
1421;"Node 1421";1
1422;"Node 1422";1
1423;"Node 1423";1
1424;"Node 1424";1
1425;"Node 1425";1
1426;"Node 1426";1
1427;"Node 1427";1
1428;"Node 1428";1
1429;"Node 1429";1
1430;"Node 1430";1
1431;"Node 1431";1
1432;"Node 1432";1
1433;"Node 1433";1
1434;"Node 1434";1
1435;"Node 1435";1
1436;"Node 1436";1
1437;"Node 1437";1
1438;"Node 1438";1
1439;"Node 1439";1
1440;"Node 1440";1
1441;"Node 1441";1
1442;"Node 1442";1
1443;"Node 1443";1
1444;"Node 1444";1
1445;"Node 1445";1
1446;"Node 1446";1
1447;"Node 1447";1
1448;"Node 1448";1
1449;"Node 1449";1
1450;"Node 1450";1
1451;"Node 1451";1
1452;"Node 1452";1
1453;"Node 1453";1
1454;"Node 1454";1
1455;"Node 1455";1
1456;"Node 1456";1
1457;"Node 1457";1
1458;"Node 1458";1
1459;"Node 1459";1
1460;"Node 1460";1
1461;"Node 1461";1
1462;"Node 1462";1
1463;"Node 1463";1
1464;"Node 1464";1
1465;"Node 1465";1
1466;"Node 1466";1
1467;"Node 1467";1
1468;"Node 1468";1
1469;"Node 1469";1
1470;"Node 1470";1
1471;"Node 1471";1
1472;"Node 1472";1
1473;"Node 1473";1
1474;"Node 1474";1
1475;"Node 1475";1
1476;"Node 1476";1
1477;"Node 1477";1
1478;"Node 1478";1
1479;"Node 1479";1
1480;"Node 1480";1
1481;"Node 1481";1
1482;"Node 1482";1
1483;"Node 1483";1
1484;"Node 1484";1
1485;"Node 1485";1
1486;"Node 1486";1
1487;"Node 1487";1
1488;"Node 1488";1
1489;"Node 1489";1
1490;"Node 1490";1
1491;"Node 1491";1
1492;"Node 1492";1
1493;"Node 1493";1
1494;"Node 1494";1
1495;"Node 1495";1
1496;"Node 1496";1
1497;"Node 1497";1
1498;"Node 1498";1
1499;"Node 1499";1
1500;"Node 1500";1
1501;"Node 1501";1
1502;"Node 1502";1
1503;"Node 1503";1
1504;"Node 1504";1
1505;"Node 1505";1
1506;"Node 1506";1
1507;"Node 1507";1
1508;"Node 1508";1
1509;"Node 1509";1
1510;"Node 1510";1
1511;"Node 1511";1
1512;"Node 1512";1
1513;"Node 1513";1
1514;"Node 1514";1
1515;"Node 1515";1
1516;"Node 1516";1
1517;"Node 1517";1
1518;"Node 1518";1
1519;"Node 1519";1
1520;"Node 1520";1
1521;"Node 1521";1
1522;"Node 1522";1
1523;"Node 1523";1
1524;"Node 1524";1
1525;"Node 1525";1
1526;"Node 1526";1
1527;"Node 1527";1
1528;"Node 1528";1
1529;"Node 1529";1
1530;"Node 1530";1
1531;"Node 1531";1
1532;"Node 1532";1
1533;"Node 1533";1
1534;"Node 1534";1
1535;"Node 1535";1
1536;"Node 1536";1
1537;"Node 1537";1
1538;"Node 1538";1
1539;"Node 1539";1
1540;"Node 1540";1
1541;"Node 1541";1
1542;"Node 1542";1
1543;"Node 1543";1
1544;"Node 1544";1
1545;"Node 1545";1
1546;"Node 1546";1
1547;"Node 1547";1
1548;"Node 1548";1
1549;"Node 1549";1
1550;"Node 1550";1
1551;"Node 1551";1
1552;"Node 1552";1
1553;"Node 1553";1
1554;"Node 1554";1
1555;"Node 1555";1
1556;"Node 1556";1
1557;"Node 1557";1
1558;"Node 1558";1
1559;"Node 1559";1
1560;"Node 1560";1
1561;"Node 1561";1
1562;"Node 1562";1
1563;"Node 1563";1
1564;"Node 1564";1
1565;"Node 1565";1
1566;"Node 1566";1
1567;"Node 1567";1
1568;"Node 1568";1
1569;"Node 1569";1
1570;"Node 1570";1
1571;"Node 1571";1
1572;"Node 1572";1
1573;"Node 1573";1
1574;"Node 1574";1
1575;"Node 1575";1
1576;"Node 1576";1
1577;"Node 1577";1
1578;"Node 1578";1
1579;"Node 1579";1
1580;"Node 1580";1
1581;"Node 1581";1
1582;"Node 1582";1
1583;"Node 1583";1
1584;"Node 1584";1
1585;"Node 1585";1
1586;"Node 1586";1
1587;"Node 1587";1
1588;"Node 1588";1
1589;"Node 1589";1
1590;"Node 1590";1
1591;"Node 1591";1
1592;"Node 1592";1
1593;"Node 1593";1
1594;"Node 1594";1
1595;"Node 1595";1
1596;"Node 1596";1
1597;"Node 1597";1
1598;"Node 1598";1
1599;"Node 1599";1
1600;"Node 1600";1
1601;"Node 1601";1
1602;"Node 1602";1
1603;"Node 1603";1
1604;"Node 1604";1
1605;"Node 1605";1
1606;"Node 1606";1
1607;"Node 1607";1
1608;"Node 1608";1
1609;"Node 1609";1
1610;"Node 1610";1
1611;"Node 1611";1
1612;"Node 1612";1
1613;"Node 1613";1
1614;"Node 1614";1
1615;"Node 1615";1
1616;"Node 1616";1
1617;"Node 1617";1
1618;"Node 1618";1
1619;"Node 1619";1
1620;"Node 1620";1
1621;"Node 1621";1
1622;"Node 1622";1
1623;"Node 1623";1
1624;"Node 1624";1
1625;"Node 1625";1
1626;"Node 1626";1
1627;"Node 1627";1
1628;"Node 1628";1
1629;"Node 1629";1
1630;"Node 1630";1
1631;"Node 1631";1
1632;"Node 1632";1
1633;"Node 1633";1
1634;"Node 1634";1
1635;"Node 1635";1
1636;"Node 1636";1
1637;"Node 1637";1
1638;"Node 1638";1
1639;"Node 1639";1
1640;"Node 1640";1
1641;"Node 1641";1
1642;"Node 1642";1
1643;"Node 1643";1
1644;"Node 1644";1
1645;"Node 1645";1
1646;"Node 1646";1
1647;"Node 1647";1
1648;"Node 1648";1
1649;"Node 1649";1
1650;"Node 1650";1
1651;"Node 1651";1
1652;"Node 1652";1
1653;"Node 1653";1
1654;"Node 1654";1
1655;"Node 1655";1
1656;"Node 1656";1
1657;"Node 1657";1
1658;"Node 1658";1
1659;"Node 1659";1
1660;"Node 1660";1
1661;"Node 1661";1
1662;"Node 1662";1
1663;"Node 1663";1
1664;"Node 1664";1
1665;"Node 1665";1
1666;"Node 1666";1
1667;"Node 1667";1
1668;"Node 1668";1
1669;"Node 1669";1
1670;"Node 1670";1
1671;"Node 1671";1
1672;"Node 1672";1
1673;"Node 1673";1
1674;"Node 1674";1
1675;"Node 1675";1
1676;"Node 1676";1
1677;"Node 1677";1
1678;"Node 1678";1
1679;"Node 1679";1
1680;"Node 1680";1
1681;"Node 1681";1
1682;"Node 1682";1
1683;"Node 1683";1
1684;"Node 1684";1
1685;"Node 1685";1
1686;"Node 1686";1
1687;"Node 1687";1
1688;"Node 1688";1
1689;"Node 1689";1
1690;"Node 1690";1
1691;"Node 1691";1
1692;"Node 1692";1
1693;"Node 1693";1
1694;"Node 1694";1
1695;"Node 1695";1
1696;"Node 1696";1
1697;"Node 1697";1
1698;"Node 1698";1
1699;"Node 1699";1
1700;"Node 1700";1
1701;"Node 1701";1
1702;"Node 1702";1
1703;"Node 1703";1
1704;"Node 1704";1
1705;"Node 1705";1
1706;"Node 1706";1
1707;"Node 1707";1
1708;"Node 1708";1
1709;"Node 1709";1
1710;"Node 1710";1
1711;"Node 1711";1
1712;"Node 1712";1
1713;"Node 1713";1
1714;"Node 1714";1
1715;"Node 1715";1
1716;"Node 1716";1
1717;"Node 1717";1
1718;"Node 1718";1
1719;"Node 1719";1
1720;"Node 1720";1
1721;"Node 1721";1
1722;"Node 1722";1
1723;"Node 1723";1
1724;"Node 1724";1
1725;"Node 1725";1
1726;"Node 1726";1
1727;"Node 1727";1
1728;"Node 1728";1
1729;"Node 1729";1
1730;"Node 1730";1
1731;"Node 1731";1
1732;"Node 1732";1
1733;"Node 1733";1
1734;"Node 1734";1
1735;"Node 1735";1
1736;"Node 1736";1
1737;"Node 1737";1
1738;"Node 1738";1
1739;"Node 1739";1
1740;"Node 1740";1
1741;"Node 1741";1
1742;"Node 1742";1
1743;"Node 1743";1
1744;"Node 1744";1
1745;"Node 1745";1
1746;"Node 1746";1
1747;"Node 1747";1
1748;"Node 1748";1
1749;"Node 1749";1
1750;"Node 1750";1
1751;"Node 1751";1
1752;"Node 1752";1
1753;"Node 1753";1
1754;"Node 1754";1
1755;"Node 1755";1
1756;"Node 1756";1
1757;"Node 1757";1
1758;"Node 1758";1
1759;"Node 1759";1
1760;"Node 1760";1
1761;"Node 1761";1
1762;"Node 1762";1
1763;"Node 1763";1
1764;"Node 1764";1
1765;"Node 1765";1
1766;"Node 1766";1
1767;"Node 1767";1
1768;"Node 1768";1
1769;"Node 1769";1
1770;"Node 1770";1
1771;"Node 1771";1
1772;"Node 1772";1
1773;"Node 1773";1
1774;"Node 1774";1
1775;"Node 1775";1
1776;"Node 1776";1
1777;"Node 1777";1
1778;"Node 1778";1
1779;"Node 1779";1
1780;"Node 1780";1
1781;"Node 1781";1
1782;"Node 1782";1
1783;"Node 1783";1
1784;"Node 1784";1
1785;"Node 1785";1
1786;"Node 1786";1
1787;"Node 1787";1
1788;"Node 1788";1
1789;"Node 1789";1
1790;"Node 1790";1
1791;"Node 1791";1
1792;"Node 1792";1
1793;"Node 1793";1
1794;"Node 1794";1
1795;"Node 1795";1
1796;"Node 1796";1
1797;"Node 1797";1
1798;"Node 1798";1
1799;"Node 1799";1
1800;"Node 1800";1
1801;"Node 1801";1
1802;"Node 1802";1
1803;"Node 1803";1
1804;"Node 1804";1
1805;"Node 1805";1
1806;"Node 1806";1
1807;"Node 1807";1
1808;"Node 1808";1
1809;"Node 1809";1
1810;"Node 1810";1
1811;"Node 1811";1
1812;"Node 1812";1
1813;"Node 1813";1
1814;"Node 1814";1
1815;"Node 1815";1
1816;"Node 1816";1
1817;"Node 1817";1
1818;"Node 1818";1
1819;"Node 1819";1
1820;"Node 1820";1
1821;"Node 1821";1
1822;"Node 1822";1
1823;"Node 1823";1
1824;"Node 1824";1
1825;"Node 1825";1
1826;"Node 1826";1
1827;"Node 1827";1
1828;"Node 1828";1
1829;"Node 1829";1
1830;"Node 1830";1
1831;"Node 1831";1
1832;"Node 1832";1
1833;"Node 1833";1
1834;"Node 1834";1
1835;"Node 1835";1
1836;"Node 1836";1
1837;"Node 1837";1
1838;"Node 1838";1
1839;"Node 1839";1
1840;"Node 1840";1
1841;"Node 1841";1
1842;"Node 1842";1
1843;"Node 1843";1
1844;"Node 1844";1
1845;"Node 1845";1
1846;"Node 1846";1
1847;"Node 1847";1
1848;"Node 1848";1
1849;"Node 1849";1
1850;"Node 1850";1
1851;"Node 1851";1
1852;"Node 1852";1
1853;"Node 1853";1
1854;"Node 1854";1
1855;"Node 1855";1
1856;"Node 1856";1
1857;"Node 1857";1
1858;"Node 1858";1
1859;"Node 1859";1
1860;"Node 1860";1
1861;"Node 1861";1
1862;"Node 1862";1
1863;"Node 1863";1
1864;"Node 1864";1
1865;"Node 1865";1
1866;"Node 1866";1
1867;"Node 1867";1
1868;"Node 1868";1
1869;"Node 1869";1
1870;"Node 1870";1
1871;"Node 1871";1
1872;"Node 1872";1
1873;"Node 1873";1
1874;"Node 1874";1
1875;"Node 1875";1
1876;"Node 1876";1
1877;"Node 1877";1
1878;"Node 1878";1
1879;"Node 1879";1
1880;"Node 1880";1
1881;"Node 1881";1
1882;"Node 1882";1
1883;"Node 1883";1
1884;"Node 1884";1
1885;"Node 1885";1
1886;"Node 1886";1
1887;"Node 1887";1
1888;"Node 1888";1
1889;"Node 1889";1
1890;"Node 1890";1
1891;"Node 1891";1
1892;"Node 1892";1
1893;"Node 1893";1
1894;"Node 1894";1
1895;"Node 1895";1
1896;"Node 1896";1
1897;"Node 1897";1
1898;"Node 1898";1
1899;"Node 1899";1
1900;"Node 1900";1
1901;"Node 1901";1
1902;"Node 1902";1
1903;"Node 1903";1
1904;"Node 1904";1
1905;"Node 1905";1
1906;"Node 1906";1
1907;"Node 1907";1
1908;"Node 1908";1
1909;"Node 1909";1
1910;"Node 1910";1
1911;"Node 1911";1
1912;"Node 1912";1
1913;"Node 1913";1
1914;"Node 1914";1
1915;"Node 1915";1
1916;"Node 1916";1
1917;"Node 1917";1
1918;"Node 1918";1
1919;"Node 1919";1
1920;"Node 1920";1
1921;"Node 1921";1
1922;"Node 1922";1
1923;"Node 1923";1
1924;"Node 1924";1
1925;"Node 1925";1
1926;"Node 1926";1
1927;"Node 1927";1
1928;"Node 1928";1
1929;"Node 1929";1
1930;"Node 1930";1
1931;"Node 1931";1
1932;"Node 1932";1
1933;"Node 1933";1
1934;"Node 1934";1
1935;"Node 1935";1
1936;"Node 1936";1
1937;"Node 1937";1
1938;"Node 1938";1
1939;"Node 1939";1
1940;"Node 1940";1
1941;"Node 1941";1
1942;"Node 1942";1
1943;"Node 1943";1
1944;"Node 1944";1
1945;"Node 1945";1
1946;"Node 1946";1
1947;"Node 1947";1
1948;"Node 1948";1
1949;"Node 1949";1
1950;"Node 1950";1
1951;"Node 1951";1
1952;"Node 1952";1
1953;"Node 1953";1
1954;"Node 1954";1
1955;"Node 1955";1
1956;"Node 1956";1
1957;"Node 1957";1
1958;"Node 1958";1
1959;"Node 1959";1
1960;"Node 1960";1
1961;"Node 1961";1
1962;"Node 1962";1
1963;"Node 1963";1
1964;"Node 1964";1
1965;"Node 1965";1
1966;"Node 1966";1
1967;"Node 1967";1
1968;"Node 1968";1
1969;"Node 1969";1
1970;"Node 1970";1
1971;"Node 1971";1
1972;"Node 1972";1
1973;"Node 1973";1
1974;"Node 1974";1
1975;"Node 1975";1
1976;"Node 1976";1
1977;"Node 1977";1
1978;"Node 1978";1
1979;"Node 1979";1
1980;"Node 1980";1
1981;"Node 1981";1
1982;"Node 1982";1
1983;"Node 1983";1
1984;"Node 1984";1
1985;"Node 1985";1
1986;"Node 1986";1
1987;"Node 1987";1
1988;"Node 1988";1
1989;"Node 1989";1
1990;"Node 1990";1
1991;"Node 1991";1
1992;"Node 1992";1
1993;"Node 1993";1
1994;"Node 1994";1
1995;"Node 1995";1
1996;"Node 1996";1
1997;"Node 1997";1
1998;"Node 1998";1
1999;"Node 1999";1
2000;"Node 2000";1
2001;"Node 2001";1
2002;"Node 2002";1
2003;"Node 2003";1
2004;"Node 2004";1
2005;"Node 2005";1
2006;"Node 2006";1
2007;"Node 2007";1
2008;"Node 2008";1
2009;"Node 2009";1
2010;"Node 2010";1
2011;"Node 2011";1
2012;"Node 2012";1
2013;"Node 2013";1
2014;"Node 2014";1
2015;"Node 2015";1
2016;"Node 2016";1
2017;"Node 2017";1
2018;"Node 2018";1
2019;"Node 2019";1
2020;"Node 2020";1
2021;"Node 2021";1
2022;"Node 2022";1
2023;"Node 2023";1
2024;"Node 2024";1
2025;"Node 2025";1
2026;"Node 2026";1
2027;"Node 2027";1
2028;"Node 2028";1
2029;"Node 2029";1
2030;"Node 2030";1
2031;"Node 2031";1
2032;"Node 2032";1
2033;"Node 2033";1
2034;"Node 2034";1
2035;"Node 2035";1
2036;"Node 2036";1
2037;"Node 2037";1
2038;"Node 2038";1
2039;"Node 2039";1
2040;"Node 2040";1
2041;"Node 2041";1
2042;"Node 2042";1
2043;"Node 2043";1
2044;"Node 2044";1
2045;"Node 2045";1
2046;"Node 2046";1
2047;"Node 2047";1
2048;"Node 2048";1
2049;"Node 2049";1
2050;"Node 2050";1
2051;"Node 2051";1
2052;"Node 2052";1
2053;"Node 2053";1
2054;"Node 2054";1
2055;"Node 2055";1
2056;"Node 2056";1
2057;"Node 2057";1
2058;"Node 2058";1
2059;"Node 2059";1
2060;"Node 2060";1
2061;"Node 2061";1
2062;"Node 2062";1
2063;"Node 2063";1
2064;"Node 2064";1
2065;"Node 2065";1
2066;"Node 2066";1
2067;"Node 2067";1
2068;"Node 2068";1
2069;"Node 2069";1
2070;"Node 2070";1
2071;"Node 2071";1
2072;"Node 2072";1
2073;"Node 2073";1
2074;"Node 2074";1
2075;"Node 2075";1
2076;"Node 2076";1
2077;"Node 2077";1
2078;"Node 2078";1
2079;"Node 2079";1
2080;"Node 2080";1
2081;"Node 2081";1
2082;"Node 2082";1
2083;"Node 2083";1
2084;"Node 2084";1
2085;"Node 2085";1
2086;"Node 2086";1
2087;"Node 2087";1
2088;"Node 2088";1
2089;"Node 2089";1
2090;"Node 2090";1
2091;"Node 2091";1
2092;"Node 2092";1
2093;"Node 2093";1
2094;"Node 2094";1
2095;"Node 2095";1
2096;"Node 2096";1
2097;"Node 2097";1
2098;"Node 2098";1
2099;"Node 2099";1
2100;"Node 2100";1
2101;"Node 2101";1
2102;"Node 2102";1
2103;"Node 2103";1
2104;"Node 2104";1
2105;"Node 2105";1
2106;"Node 2106";1
2107;"Node 2107";1
2108;"Node 2108";1
2109;"Node 2109";1
2110;"Node 2110";1
2111;"Node 2111";1
2112;"Node 2112";1
2113;"Node 2113";1
2114;"Node 2114";1
2115;"Node 2115";1
2116;"Node 2116";1
2117;"Node 2117";1
2118;"Node 2118";1
2119;"Node 2119";1
2120;"Node 2120";1
2121;"Node 2121";1
2122;"Node 2122";1
2123;"Node 2123";1
2124;"Node 2124";1
2125;"Node 2125";1
2126;"Node 2126";1
2127;"Node 2127";1
2128;"Node 2128";1
2129;"Node 2129";1
2130;"Node 2130";1
2131;"Node 2131";1
2132;"Node 2132";1
2133;"Node 2133";1
2134;"Node 2134";1
2135;"Node 2135";1
2136;"Node 2136";1
2137;"Node 2137";1
2138;"Node 2138";1
2139;"Node 2139";1
2140;"Node 2140";1
2141;"Node 2141";1
2142;"Node 2142";1
2143;"Node 2143";1
2144;"Node 2144";1
2145;"Node 2145";1
2146;"Node 2146";1
2147;"Node 2147";1
2148;"Node 2148";1
2149;"Node 2149";1
2150;"Node 2150";1
2151;"Node 2151";1
2152;"Node 2152";1
2153;"Node 2153";1
2154;"Node 2154";1
2155;"Node 2155";1
2156;"Node 2156";1
2157;"Node 2157";1
2158;"Node 2158";1
2159;"Node 2159";1
2160;"Node 2160";1
2161;"Node 2161";1
2162;"Node 2162";1
2163;"Node 2163";1
2164;"Node 2164";1
2165;"Node 2165";1
2166;"Node 2166";1
2167;"Node 2167";1
2168;"Node 2168";1
2169;"Node 2169";1
2170;"Node 2170";1
2171;"Node 2171";1
2172;"Node 2172";1
2173;"Node 2173";1
2174;"Node 2174";1
2175;"Node 2175";1
2176;"Node 2176";1
2177;"Node 2177";1
2178;"Node 2178";1
2179;"Node 2179";1
2180;"Node 2180";1
2181;"Node 2181";1
2182;"Node 2182";1
2183;"Node 2183";1
2184;"Node 2184";1
2185;"Node 2185";1
2186;"Node 2186";1
2187;"Node 2187";1
2188;"Node 2188";1
2189;"Node 2189";1
2190;"Node 2190";1
2191;"Node 2191";1
2192;"Node 2192";1
2193;"Node 2193";1
2194;"Node 2194";1
2195;"Node 2195";1
2196;"Node 2196";1
2197;"Node 2197";1
2198;"Node 2198";1
2199;"Node 2199";1
2200;"Node 2200";1
2201;"Node 2201";1
2202;"Node 2202";1
2203;"Node 2203";1
2204;"Node 2204";1
2205;"Node 2205";1
2206;"Node 2206";1
2207;"Node 2207";1
2208;"Node 2208";1
2209;"Node 2209";1
2210;"Node 2210";1
2211;"Node 2211";1
2212;"Node 2212";1
2213;"Node 2213";1
2214;"Node 2214";1
2215;"Node 2215";1
2216;"Node 2216";1
2217;"Node 2217";1
2218;"Node 2218";1
2219;"Node 2219";1
2220;"Node 2220";1
2221;"Node 2221";1
2222;"Node 2222";1
2223;"Node 2223";1
2224;"Node 2224";1
2225;"Node 2225";1
2226;"Node 2226";1
2227;"Node 2227";1
2228;"Node 2228";1
2229;"Node 2229";1
2230;"Node 2230";1
2231;"Node 2231";1
2232;"Node 2232";1
2233;"Node 2233";1
2234;"Node 2234";1
2235;"Node 2235";1
2236;"Node 2236";1
2237;"Node 2237";1
2238;"Node 2238";1
2239;"Node 2239";1
2240;"Node 2240";1
2241;"Node 2241";1
2242;"Node 2242";1
2243;"Node 2243";1
2244;"Node 2244";1
2245;"Node 2245";1
2246;"Node 2246";1
2247;"Node 2247";1
2248;"Node 2248";1
2249;"Node 2249";1
2250;"Node 2250";1
2251;"Node 2251";1
2252;"Node 2252";1
2253;"Node 2253";1
2254;"Node 2254";1
2255;"Node 2255";1
2256;"Node 2256";1
2257;"Node 2257";1
2258;"Node 2258";1
2259;"Node 2259";1
2260;"Node 2260";1
2261;"Node 2261";1
2262;"Node 2262";1
2263;"Node 2263";1
2264;"Node 2264";1
2265;"Node 2265";1
2266;"Node 2266";1
2267;"Node 2267";1
2268;"Node 2268";1
2269;"Node 2269";1
2270;"Node 2270";1
2271;"Node 2271";1
2272;"Node 2272";1
2273;"Node 2273";1
2274;"Node 2274";1
2275;"Node 2275";1
2276;"Node 2276";1
2277;"Node 2277";1
2278;"Node 2278";1
2279;"Node 2279";1
2280;"Node 2280";1
2281;"Node 2281";1
2282;"Node 2282";1
2283;"Node 2283";1
2284;"Node 2284";1
2285;"Node 2285";1
2286;"Node 2286";1
2287;"Node 2287";1
2288;"Node 2288";1
2289;"Node 2289";1
2290;"Node 2290";1
2291;"Node 2291";1
2292;"Node 2292";1
2293;"Node 2293";1
2294;"Node 2294";1
2295;"Node 2295";1
2296;"Node 2296";1
2297;"Node 2297";1
2298;"Node 2298";1
2299;"Node 2299";1
2300;"Node 2300";1
2301;"Node 2301";1
2302;"Node 2302";1
2303;"Node 2303";1
2304;"Node 2304";1
2305;"Node 2305";1
2306;"Node 2306";1
2307;"Node 2307";1
2308;"Node 2308";1
2309;"Node 2309";1
2310;"Node 2310";1
2311;"Node 2311";1
2312;"Node 2312";1
2313;"Node 2313";1
2314;"Node 2314";1
2315;"Node 2315";1
2316;"Node 2316";1
2317;"Node 2317";1
2318;"Node 2318";1
2319;"Node 2319";1
2320;"Node 2320";1
2321;"Node 2321";1
2322;"Node 2322";1
2323;"Node 2323";1
2324;"Node 2324";1
2325;"Node 2325";1
2326;"Node 2326";1
2327;"Node 2327";1
2328;"Node 2328";1
2329;"Node 2329";1
2330;"Node 2330";1
2331;"Node 2331";1
2332;"Node 2332";1
2333;"Node 2333";1
2334;"Node 2334";1
2335;"Node 2335";1
2336;"Node 2336";1
2337;"Node 2337";1
2338;"Node 2338";1
2339;"Node 2339";1
2340;"Node 2340";1
2341;"Node 2341";1
2342;"Node 2342";1
2343;"Node 2343";1
2344;"Node 2344";1
2345;"Node 2345";1
2346;"Node 2346";1
2347;"Node 2347";1
2348;"Node 2348";1
2349;"Node 2349";1
2350;"Node 2350";1
2351;"Node 2351";1
2352;"Node 2352";1
2353;"Node 2353";1
2354;"Node 2354";1
2355;"Node 2355";1
2356;"Node 2356";1
2357;"Node 2357";1
2358;"Node 2358";1
2359;"Node 2359";1
2360;"Node 2360";1
2361;"Node 2361";1
2362;"Node 2362";1
2363;"Node 2363";1
2364;"Node 2364";1
2365;"Node 2365";1
2366;"Node 2366";1
2367;"Node 2367";1
2368;"Node 2368";1
2369;"Node 2369";1
2370;"Node 2370";1
2371;"Node 2371";1
2372;"Node 2372";1
2373;"Node 2373";1
2374;"Node 2374";1
2375;"Node 2375";1
2376;"Node 2376";1
2377;"Node 2377";1
2378;"Node 2378";1
2379;"Node 2379";1
2380;"Node 2380";1
2381;"Node 2381";1
2382;"Node 2382";1
2383;"Node 2383";1
2384;"Node 2384";1
2385;"Node 2385";1
2386;"Node 2386";1
2387;"Node 2387";1
2388;"Node 2388";1
2389;"Node 2389";1
2390;"Node 2390";1
2391;"Node 2391";1
2392;"Node 2392";1
2393;"Node 2393";1
2394;"Node 2394";1
2395;"Node 2395";1
2396;"Node 2396";1
2397;"Node 2397";1
2398;"Node 2398";1
2399;"Node 2399";1
2400;"Node 2400";1
2401;"Node 2401";1
2402;"Node 2402";1
2403;"Node 2403";1
2404;"Node 2404";1
2405;"Node 2405";1
2406;"Node 2406";1
2407;"Node 2407";1
2408;"Node 2408";1
2409;"Node 2409";1
2410;"Node 2410";1
2411;"Node 2411";1
2412;"Node 2412";1
2413;"Node 2413";1
2414;"Node 2414";1
2415;"Node 2415";1
2416;"Node 2416";1
2417;"Node 2417";1
2418;"Node 2418";1
2419;"Node 2419";1
2420;"Node 2420";1
2421;"Node 2421";1
2422;"Node 2422";1
2423;"Node 2423";1
2424;"Node 2424";1
2425;"Node 2425";1
2426;"Node 2426";1
2427;"Node 2427";1
2428;"Node 2428";1
2429;"Node 2429";1
2430;"Node 2430";1
2431;"Node 2431";1
2432;"Node 2432";1
2433;"Node 2433";1
2434;"Node 2434";1
2435;"Node 2435";1
2436;"Node 2436";1
2437;"Node 2437";1
2438;"Node 2438";1
2439;"Node 2439";1
2440;"Node 2440";1
2441;"Node 2441";1
2442;"Node 2442";1
2443;"Node 2443";1
2444;"Node 2444";1
2445;"Node 2445";1
2446;"Node 2446";1
2447;"Node 2447";1
2448;"Node 2448";1
2449;"Node 2449";1
2450;"Node 2450";1
2451;"Node 2451";1
2452;"Node 2452";1
2453;"Node 2453";1
2454;"Node 2454";1
2455;"Node 2455";1
2456;"Node 2456";1
2457;"Node 2457";1
2458;"Node 2458";1
2459;"Node 2459";1
2460;"Node 2460";1
2461;"Node 2461";1
2462;"Node 2462";1
2463;"Node 2463";1
2464;"Node 2464";1
2465;"Node 2465";1
2466;"Node 2466";1
2467;"Node 2467";1
2468;"Node 2468";1
2469;"Node 2469";1
2470;"Node 2470";1
2471;"Node 2471";1
2472;"Node 2472";1
2473;"Node 2473";1
2474;"Node 2474";1
2475;"Node 2475";1
2476;"Node 2476";1
2477;"Node 2477";1
2478;"Node 2478";1
2479;"Node 2479";1
2480;"Node 2480";1
2481;"Node 2481";1
2482;"Node 2482";1
2483;"Node 2483";1
2484;"Node 2484";1
2485;"Node 2485";1
2486;"Node 2486";1
2487;"Node 2487";1
2488;"Node 2488";1
2489;"Node 2489";1
2490;"Node 2490";1
2491;"Node 2491";1
2492;"Node 2492";1
2493;"Node 2493";1
2494;"Node 2494";1
2495;"Node 2495";1
2496;"Node 2496";1
2497;"Node 2497";1
2498;"Node 2498";1
2499;"Node 2499";1
2500;"Node 2500";1
2501;"Node 2501";1
2502;"Node 2502";1
2503;"Node 2503";1
2504;"Node 2504";1
2505;"Node 2505";1
2506;"Node 2506";1
2507;"Node 2507";1
2508;"Node 2508";1
2509;"Node 2509";1
2510;"Node 2510";1
2511;"Node 2511";1
2512;"Node 2512";1
2513;"Node 2513";1
2514;"Node 2514";1
2515;"Node 2515";1
2516;"Node 2516";1
2517;"Node 2517";1
2518;"Node 2518";1
2519;"Node 2519";1
2520;"Node 2520";1
2521;"Node 2521";1
2522;"Node 2522";1
2523;"Node 2523";1
2524;"Node 2524";1
2525;"Node 2525";1
2526;"Node 2526";1
2527;"Node 2527";1
2528;"Node 2528";1
2529;"Node 2529";1
2530;"Node 2530";1
2531;"Node 2531";1
2532;"Node 2532";1
2533;"Node 2533";1
2534;"Node 2534";1
2535;"Node 2535";1
2536;"Node 2536";1
2537;"Node 2537";1
2538;"Node 2538";1
2539;"Node 2539";1
2540;"Node 2540";1
2541;"Node 2541";1
2542;"Node 2542";1
2543;"Node 2543";1
2544;"Node 2544";1
2545;"Node 2545";1
2546;"Node 2546";1
2547;"Node 2547";1
2548;"Node 2548";1
2549;"Node 2549";1
2550;"Node 2550";1
2551;"Node 2551";1
2552;"Node 2552";1
2553;"Node 2553";1
2554;"Node 2554";1
2555;"Node 2555";1
2556;"Node 2556";1
2557;"Node 2557";1
2558;"Node 2558";1
2559;"Node 2559";1
2560;"Node 2560";1
2561;"Node 2561";1
2562;"Node 2562";1
2563;"Node 2563";1
2564;"Node 2564";1
2565;"Node 2565";1
2566;"Node 2566";1
2567;"Node 2567";1
2568;"Node 2568";1
2569;"Node 2569";1
2570;"Node 2570";1
2571;"Node 2571";1
2572;"Node 2572";1
2573;"Node 2573";1
2574;"Node 2574";1
2575;"Node 2575";1
2576;"Node 2576";1
2577;"Node 2577";1
2578;"Node 2578";1
2579;"Node 2579";1
2580;"Node 2580";1
2581;"Node 2581";1
2582;"Node 2582";1
2583;"Node 2583";1
2584;"Node 2584";1
2585;"Node 2585";1
2586;"Node 2586";1
2587;"Node 2587";1
2588;"Node 2588";1
2589;"Node 2589";1
2590;"Node 2590";1
2591;"Node 2591";1
2592;"Node 2592";1
2593;"Node 2593";1
2594;"Node 2594";1
2595;"Node 2595";1
2596;"Node 2596";1
2597;"Node 2597";1
2598;"Node 2598";1
2599;"Node 2599";1
2600;"Node 2600";1
2601;"Node 2601";1
2602;"Node 2602";1
2603;"Node 2603";1
2604;"Node 2604";1
2605;"Node 2605";1
2606;"Node 2606";1
2607;"Node 2607";1
2608;"Node 2608";1
2609;"Node 2609";1
2610;"Node 2610";1
2611;"Node 2611";1
2612;"Node 2612";1
2613;"Node 2613";1
2614;"Node 2614";1
2615;"Node 2615";1
2616;"Node 2616";1
2617;"Node 2617";1
2618;"Node 2618";1
2619;"Node 2619";1
2620;"Node 2620";1
2621;"Node 2621";1
2622;"Node 2622";1
2623;"Node 2623";1
2624;"Node 2624";1
2625;"Node 2625";1
2626;"Node 2626";1
2627;"Node 2627";1
2628;"Node 2628";1
2629;"Node 2629";1
2630;"Node 2630";1
2631;"Node 2631";1
2632;"Node 2632";1
2633;"Node 2633";1
2634;"Node 2634";1
2635;"Node 2635";1
2636;"Node 2636";1
2637;"Node 2637";1
2638;"Node 2638";1
2639;"Node 2639";1
2640;"Node 2640";1
2641;"Node 2641";1
2642;"Node 2642";1
2643;"Node 2643";1
2644;"Node 2644";1
2645;"Node 2645";1
2646;"Node 2646";1
2647;"Node 2647";1
2648;"Node 2648";1
2649;"Node 2649";1
2650;"Node 2650";1
2651;"Node 2651";1
2652;"Node 2652";1
2653;"Node 2653";1
2654;"Node 2654";1
2655;"Node 2655";1
2656;"Node 2656";1
2657;"Node 2657";1
2658;"Node 2658";1
2659;"Node 2659";1
2660;"Node 2660";1
2661;"Node 2661";1
2662;"Node 2662";1
2663;"Node 2663";1
2664;"Node 2664";1
2665;"Node 2665";1
2666;"Node 2666";1
2667;"Node 2667";1
2668;"Node 2668";1
2669;"Node 2669";1
2670;"Node 2670";1
2671;"Node 2671";1
2672;"Node 2672";1
2673;"Node 2673";1
2674;"Node 2674";1
2675;"Node 2675";1
2676;"Node 2676";1
2677;"Node 2677";1
2678;"Node 2678";1
2679;"Node 2679";1
2680;"Node 2680";1
2681;"Node 2681";1
2682;"Node 2682";1
2683;"Node 2683";1
2684;"Node 2684";1
2685;"Node 2685";1
2686;"Node 2686";1
2687;"Node 2687";1
2688;"Node 2688";1
2689;"Node 2689";1
2690;"Node 2690";1
2691;"Node 2691";1
2692;"Node 2692";1
2693;"Node 2693";1
2694;"Node 2694";1
2695;"Node 2695";1
2696;"Node 2696";1
2697;"Node 2697";1
2698;"Node 2698";1
2699;"Node 2699";1
2700;"Node 2700";1
2701;"Node 2701";1
2702;"Node 2702";1
2703;"Node 2703";1
2704;"Node 2704";1
2705;"Node 2705";1
2706;"Node 2706";1
2707;"Node 2707";1
2708;"Node 2708";1
2709;"Node 2709";1
2710;"Node 2710";1
2711;"Node 2711";1
2712;"Node 2712";1
2713;"Node 2713";1
2714;"Node 2714";1
2715;"Node 2715";1
2716;"Node 2716";1
2717;"Node 2717";1
2718;"Node 2718";1
2719;"Node 2719";1
2720;"Node 2720";1
2721;"Node 2721";1
2722;"Node 2722";1
2723;"Node 2723";1
2724;"Node 2724";1
2725;"Node 2725";1
2726;"Node 2726";1
2727;"Node 2727";1
2728;"Node 2728";1
2729;"Node 2729";1
2730;"Node 2730";1
2731;"Node 2731";1
2732;"Node 2732";1
2733;"Node 2733";1
2734;"Node 2734";1
2735;"Node 2735";1
2736;"Node 2736";1
2737;"Node 2737";1
2738;"Node 2738";1
2739;"Node 2739";1
2740;"Node 2740";1
2741;"Node 2741";1
2742;"Node 2742";1
2743;"Node 2743";1
2744;"Node 2744";1
2745;"Node 2745";1
2746;"Node 2746";1
2747;"Node 2747";1
2748;"Node 2748";1
2749;"Node 2749";1
2750;"Node 2750";1
2751;"Node 2751";1
2752;"Node 2752";1
2753;"Node 2753";1
2754;"Node 2754";1
2755;"Node 2755";1
2756;"Node 2756";1
2757;"Node 2757";1
2758;"Node 2758";1
2759;"Node 2759";1
2760;"Node 2760";1
2761;"Node 2761";1
2762;"Node 2762";1
2763;"Node 2763";1
2764;"Node 2764";1
2765;"Node 2765";1
2766;"Node 2766";1
2767;"Node 2767";1
2768;"Node 2768";1
2769;"Node 2769";1
2770;"Node 2770";1
2771;"Node 2771";1
2772;"Node 2772";1
2773;"Node 2773";1
2774;"Node 2774";1
2775;"Node 2775";1
2776;"Node 2776";1
2777;"Node 2777";1
2778;"Node 2778";1
2779;"Node 2779";1
2780;"Node 2780";1
2781;"Node 2781";1
2782;"Node 2782";1
2783;"Node 2783";1
2784;"Node 2784";1
2785;"Node 2785";1
2786;"Node 2786";1
2787;"Node 2787";1
2788;"Node 2788";1
2789;"Node 2789";1
2790;"Node 2790";1
2791;"Node 2791";1
2792;"Node 2792";1
2793;"Node 2793";1
2794;"Node 2794";1
2795;"Node 2795";1
2796;"Node 2796";1
2797;"Node 2797";1
2798;"Node 2798";1
2799;"Node 2799";1
2800;"Node 2800";1
2801;"Node 2801";1
2802;"Node 2802";1
2803;"Node 2803";1
2804;"Node 2804";1
2805;"Node 2805";1
2806;"Node 2806";1
2807;"Node 2807";1
2808;"Node 2808";1
2809;"Node 2809";1
2810;"Node 2810";1
2811;"Node 2811";1
2812;"Node 2812";1
2813;"Node 2813";1
2814;"Node 2814";1
2815;"Node 2815";1
2816;"Node 2816";1
2817;"Node 2817";1
2818;"Node 2818";1
2819;"Node 2819";1
2820;"Node 2820";1
2821;"Node 2821";1
2822;"Node 2822";1
2823;"Node 2823";1
2824;"Node 2824";1
2825;"Node 2825";1
2826;"Node 2826";1
2827;"Node 2827";1
2828;"Node 2828";1
2829;"Node 2829";1
2830;"Node 2830";1
2831;"Node 2831";1
2832;"Node 2832";1
2833;"Node 2833";1
2834;"Node 2834";1
2835;"Node 2835";1
2836;"Node 2836";1
2837;"Node 2837";1
2838;"Node 2838";1
2839;"Node 2839";1
2840;"Node 2840";1
2841;"Node 2841";1
2842;"Node 2842";1
2843;"Node 2843";1
2844;"Node 2844";1
2845;"Node 2845";1
2846;"Node 2846";1
2847;"Node 2847";1
2848;"Node 2848";1
2849;"Node 2849";1
2850;"Node 2850";1
2851;"Node 2851";1
2852;"Node 2852";1
2853;"Node 2853";1
2854;"Node 2854";1
2855;"Node 2855";1
2856;"Node 2856";1
2857;"Node 2857";1
2858;"Node 2858";1
2859;"Node 2859";1
2860;"Node 2860";1
2861;"Node 2861";1
2862;"Node 2862";1
2863;"Node 2863";1
2864;"Node 2864";1
2865;"Node 2865";1
2866;"Node 2866";1
2867;"Node 2867";1
2868;"Node 2868";1
2869;"Node 2869";1
2870;"Node 2870";1
2871;"Node 2871";1
2872;"Node 2872";1
2873;"Node 2873";1
2874;"Node 2874";1
2875;"Node 2875";1
2876;"Node 2876";1
2877;"Node 2877";1
2878;"Node 2878";1
2879;"Node 2879";1
2880;"Node 2880";1
2881;"Node 2881";1
2882;"Node 2882";1
2883;"Node 2883";1
2884;"Node 2884";1
2885;"Node 2885";1
2886;"Node 2886";1
2887;"Node 2887";1
2888;"Node 2888";1
2889;"Node 2889";1
2890;"Node 2890";1
2891;"Node 2891";1
2892;"Node 2892";1
2893;"Node 2893";1
2894;"Node 2894";1
2895;"Node 2895";1
2896;"Node 2896";1
2897;"Node 2897";1
2898;"Node 2898";1
2899;"Node 2899";1
2900;"Node 2900";1
2901;"Node 2901";1
2902;"Node 2902";1
2903;"Node 2903";1
2904;"Node 2904";1
2905;"Node 2905";1
2906;"Node 2906";1
2907;"Node 2907";1
2908;"Node 2908";1
2909;"Node 2909";1
2910;"Node 2910";1
2911;"Node 2911";1
2912;"Node 2912";1
2913;"Node 2913";1
2914;"Node 2914";1
2915;"Node 2915";1
2916;"Node 2916";1
2917;"Node 2917";1
2918;"Node 2918";1
2919;"Node 2919";1
2920;"Node 2920";1
2921;"Node 2921";1
2922;"Node 2922";1
2923;"Node 2923";1
2924;"Node 2924";1
2925;"Node 2925";1
2926;"Node 2926";1
2927;"Node 2927";1
2928;"Node 2928";1
2929;"Node 2929";1
2930;"Node 2930";1
2931;"Node 2931";1
2932;"Node 2932";1
2933;"Node 2933";1
2934;"Node 2934";1
2935;"Node 2935";1
2936;"Node 2936";1
2937;"Node 2937";1
2938;"Node 2938";1
2939;"Node 2939";1
2940;"Node 2940";1
2941;"Node 2941";1
2942;"Node 2942";1
2943;"Node 2943";1
2944;"Node 2944";1
2945;"Node 2945";1
2946;"Node 2946";1
2947;"Node 2947";1
2948;"Node 2948";1
2949;"Node 2949";1
2950;"Node 2950";1
2951;"Node 2951";1
2952;"Node 2952";1
2953;"Node 2953";1
2954;"Node 2954";1
2955;"Node 2955";1
2956;"Node 2956";1
2957;"Node 2957";1
2958;"Node 2958";1
2959;"Node 2959";1
2960;"Node 2960";1
2961;"Node 2961";1
2962;"Node 2962";1
2963;"Node 2963";1
2964;"Node 2964";1
2965;"Node 2965";1
2966;"Node 2966";1
2967;"Node 2967";1
2968;"Node 2968";1
2969;"Node 2969";1
2970;"Node 2970";1
2971;"Node 2971";1
2972;"Node 2972";1
2973;"Node 2973";1
2974;"Node 2974";1
2975;"Node 2975";1
2976;"Node 2976";1
2977;"Node 2977";1
2978;"Node 2978";1
2979;"Node 2979";1
2980;"Node 2980";1
2981;"Node 2981";1
2982;"Node 2982";1
2983;"Node 2983";1
2984;"Node 2984";1
2985;"Node 2985";1
2986;"Node 2986";1
2987;"Node 2987";1
2988;"Node 2988";1
2989;"Node 2989";1
2990;"Node 2990";1
2991;"Node 2991";1
2992;"Node 2992";1
2993;"Node 2993";1
2994;"Node 2994";1
2995;"Node 2995";1
2996;"Node 2996";1
2997;"Node 2997";1
2998;"Node 2998";1
2999;"Node 2999";1
3000;"Node 3000";1
3001;"Node 3001";1
3002;"Node 3002";1
3003;"Node 3003";1
3004;"Node 3004";1
3005;"Node 3005";1
3006;"Node 3006";1
3007;"Node 3007";1
3008;"Node 3008";1
3009;"Node 3009";1
3010;"Node 3010";1
3011;"Node 3011";1
3012;"Node 3012";1
3013;"Node 3013";1
3014;"Node 3014";1
3015;"Node 3015";1
3016;"Node 3016";1
3017;"Node 3017";1
3018;"Node 3018";1
3019;"Node 3019";1
3020;"Node 3020";1
3021;"Node 3021";1
3022;"Node 3022";1
3023;"Node 3023";1
3024;"Node 3024";1
3025;"Node 3025";1
3026;"Node 3026";1
3027;"Node 3027";1
3028;"Node 3028";1
3029;"Node 3029";1
3030;"Node 3030";1
3031;"Node 3031";1
3032;"Node 3032";1
3033;"Node 3033";1
3034;"Node 3034";1
3035;"Node 3035";1
3036;"Node 3036";1
3037;"Node 3037";1
3038;"Node 3038";1
3039;"Node 3039";1
3040;"Node 3040";1
3041;"Node 3041";1
3042;"Node 3042";1
3043;"Node 3043";1
3044;"Node 3044";1
3045;"Node 3045";1
3046;"Node 3046";1
3047;"Node 3047";1
3048;"Node 3048";1
3049;"Node 3049";1
3050;"Node 3050";1
3051;"Node 3051";1
3052;"Node 3052";1
3053;"Node 3053";1
3054;"Node 3054";1
3055;"Node 3055";1
3056;"Node 3056";1
3057;"Node 3057";1
3058;"Node 3058";1
3059;"Node 3059";1
3060;"Node 3060";1
3061;"Node 3061";1
3062;"Node 3062";1
3063;"Node 3063";1
3064;"Node 3064";1
3065;"Node 3065";1
3066;"Node 3066";1
3067;"Node 3067";1
3068;"Node 3068";1
3069;"Node 3069";1
3070;"Node 3070";1
3071;"Node 3071";1
3072;"Node 3072";1
3073;"Node 3073";1
3074;"Node 3074";1
3075;"Node 3075";1
3076;"Node 3076";1
3077;"Node 3077";1
3078;"Node 3078";1
3079;"Node 3079";1
3080;"Node 3080";1
3081;"Node 3081";1
3082;"Node 3082";1
3083;"Node 3083";1
3084;"Node 3084";1
3085;"Node 3085";1
3086;"Node 3086";1
3087;"Node 3087";1
3088;"Node 3088";1
3089;"Node 3089";1
3090;"Node 3090";1
3091;"Node 3091";1
3092;"Node 3092";1
3093;"Node 3093";1
3094;"Node 3094";1
3095;"Node 3095";1
3096;"Node 3096";1
3097;"Node 3097";1
3098;"Node 3098";1
3099;"Node 3099";1
3100;"Node 3100";1
3101;"Node 3101";1
3102;"Node 3102";1
3103;"Node 3103";1
3104;"Node 3104";1
3105;"Node 3105";1
3106;"Node 3106";1
3107;"Node 3107";1
3108;"Node 3108";1
3109;"Node 3109";1
3110;"Node 3110";1
3111;"Node 3111";1
3112;"Node 3112";1
3113;"Node 3113";1
3114;"Node 3114";1
3115;"Node 3115";1
3116;"Node 3116";1
3117;"Node 3117";1
3118;"Node 3118";1
3119;"Node 3119";1
3120;"Node 3120";1
3121;"Node 3121";1
3122;"Node 3122";1
3123;"Node 3123";1
3124;"Node 3124";1
3125;"Node 3125";1
3126;"Node 3126";1
3127;"Node 3127";1
3128;"Node 3128";1
3129;"Node 3129";1
3130;"Node 3130";1
3131;"Node 3131";1
3132;"Node 3132";1
3133;"Node 3133";1
3134;"Node 3134";1
3135;"Node 3135";1
3136;"Node 3136";1
3137;"Node 3137";1
3138;"Node 3138";1
3139;"Node 3139";1
3140;"Node 3140";1
3141;"Node 3141";1
3142;"Node 3142";1
3143;"Node 3143";1
3144;"Node 3144";1
3145;"Node 3145";1
3146;"Node 3146";1
3147;"Node 3147";1
3148;"Node 3148";1
3149;"Node 3149";1
3150;"Node 3150";1
3151;"Node 3151";1
3152;"Node 3152";1
3153;"Node 3153";1
3154;"Node 3154";1
3155;"Node 3155";1
3156;"Node 3156";1
3157;"Node 3157";1
3158;"Node 3158";1
3159;"Node 3159";1
3160;"Node 3160";1
3161;"Node 3161";1
3162;"Node 3162";1
3163;"Node 3163";1
3164;"Node 3164";1
3165;"Node 3165";1
3166;"Node 3166";1
3167;"Node 3167";1
3168;"Node 3168";1
3169;"Node 3169";1
3170;"Node 3170";1
3171;"Node 3171";1
3172;"Node 3172";1
3173;"Node 3173";1
3174;"Node 3174";1
3175;"Node 3175";1
3176;"Node 3176";1
3177;"Node 3177";1
3178;"Node 3178";1
3179;"Node 3179";1
3180;"Node 3180";1
3181;"Node 3181";1
3182;"Node 3182";1
3183;"Node 3183";1
3184;"Node 3184";1
3185;"Node 3185";1
3186;"Node 3186";1
3187;"Node 3187";1
3188;"Node 3188";1
3189;"Node 3189";1
3190;"Node 3190";1
3191;"Node 3191";1
3192;"Node 3192";1
3193;"Node 3193";1
3194;"Node 3194";1
3195;"Node 3195";1
3196;"Node 3196";1
3197;"Node 3197";1
3198;"Node 3198";1
3199;"Node 3199";1
3200;"Node 3200";1
3201;"Node 3201";1
3202;"Node 3202";1
3203;"Node 3203";1
3204;"Node 3204";1
3205;"Node 3205";1
3206;"Node 3206";1
3207;"Node 3207";1
3208;"Node 3208";1
3209;"Node 3209";1
3210;"Node 3210";1
3211;"Node 3211";1
3212;"Node 3212";1
3213;"Node 3213";1
3214;"Node 3214";1
3215;"Node 3215";1
3216;"Node 3216";1
3217;"Node 3217";1
3218;"Node 3218";1
3219;"Node 3219";1
3220;"Node 3220";1
3221;"Node 3221";1
3222;"Node 3222";1
3223;"Node 3223";1
3224;"Node 3224";1
3225;"Node 3225";1
3226;"Node 3226";1
3227;"Node 3227";1
3228;"Node 3228";1
3229;"Node 3229";1
3230;"Node 3230";1
3231;"Node 3231";1
3232;"Node 3232";1
3233;"Node 3233";1
3234;"Node 3234";1
3235;"Node 3235";1
3236;"Node 3236";1
3237;"Node 3237";1
3238;"Node 3238";1
3239;"Node 3239";1
3240;"Node 3240";1
3241;"Node 3241";1
3242;"Node 3242";1
3243;"Node 3243";1
3244;"Node 3244";1
3245;"Node 3245";1
3246;"Node 3246";1
3247;"Node 3247";1
3248;"Node 3248";1
3249;"Node 3249";1
3250;"Node 3250";1
3251;"Node 3251";1
3252;"Node 3252";1
3253;"Node 3253";1
3254;"Node 3254";1
3255;"Node 3255";1
3256;"Node 3256";1
3257;"Node 3257";1
3258;"Node 3258";1
3259;"Node 3259";1
3260;"Node 3260";1
3261;"Node 3261";1
3262;"Node 3262";1
3263;"Node 3263";1
3264;"Node 3264";1
3265;"Node 3265";1
3266;"Node 3266";1
3267;"Node 3267";1
3268;"Node 3268";1
3269;"Node 3269";1
3270;"Node 3270";1
3271;"Node 3271";1
3272;"Node 3272";1
3273;"Node 3273";1
3274;"Node 3274";1
3275;"Node 3275";1
3276;"Node 3276";1
3277;"Node 3277";1
3278;"Node 3278";1
3279;"Node 3279";1
3280;"Node 3280";1
3281;"Node 3281";1
3282;"Node 3282";1
3283;"Node 3283";1
3284;"Node 3284";1
3285;"Node 3285";1
3286;"Node 3286";1
3287;"Node 3287";1
3288;"Node 3288";1
3289;"Node 3289";1
3290;"Node 3290";1
3291;"Node 3291";1
3292;"Node 3292";1
3293;"Node 3293";1
3294;"Node 3294";1
3295;"Node 3295";1
3296;"Node 3296";1
3297;"Node 3297";1
3298;"Node 3298";1
3299;"Node 3299";1
3300;"Node 3300";1
3301;"Node 3301";1
3302;"Node 3302";1
3303;"Node 3303";1
3304;"Node 3304";1
3305;"Node 3305";1
3306;"Node 3306";1
3307;"Node 3307";1
3308;"Node 3308";1
3309;"Node 3309";1
3310;"Node 3310";1
3311;"Node 3311";1
3312;"Node 3312";1
3313;"Node 3313";1
3314;"Node 3314";1
3315;"Node 3315";1
3316;"Node 3316";1
3317;"Node 3317";1
3318;"Node 3318";1
3319;"Node 3319";1
3320;"Node 3320";1
3321;"Node 3321";1
3322;"Node 3322";1
3323;"Node 3323";1
3324;"Node 3324";1
3325;"Node 3325";1
3326;"Node 3326";1
3327;"Node 3327";1
3328;"Node 3328";1
3329;"Node 3329";1
3330;"Node 3330";1
3331;"Node 3331";1
3332;"Node 3332";1
3333;"Node 3333";1
3334;"Node 3334";1
3335;"Node 3335";1
3336;"Node 3336";1
3337;"Node 3337";1
3338;"Node 3338";1
3339;"Node 3339";1
3340;"Node 3340";1
3341;"Node 3341";1
3342;"Node 3342";1
3343;"Node 3343";1
3344;"Node 3344";1
3345;"Node 3345";1
3346;"Node 3346";1
3347;"Node 3347";1
3348;"Node 3348";1
3349;"Node 3349";1
3350;"Node 3350";1
3351;"Node 3351";1
3352;"Node 3352";1
3353;"Node 3353";1
3354;"Node 3354";1
3355;"Node 3355";1
3356;"Node 3356";1
3357;"Node 3357";1
3358;"Node 3358";1
3359;"Node 3359";1
3360;"Node 3360";1
3361;"Node 3361";1
3362;"Node 3362";1
3363;"Node 3363";1
3364;"Node 3364";1
3365;"Node 3365";1
3366;"Node 3366";1
3367;"Node 3367";1
3368;"Node 3368";1
3369;"Node 3369";1
3370;"Node 3370";1
3371;"Node 3371";1
3372;"Node 3372";1
3373;"Node 3373";1
3374;"Node 3374";1
3375;"Node 3375";1
3376;"Node 3376";1
3377;"Node 3377";1
3378;"Node 3378";1
3379;"Node 3379";1
3380;"Node 3380";1
3381;"Node 3381";1
3382;"Node 3382";1
3383;"Node 3383";1
3384;"Node 3384";1
3385;"Node 3385";1
3386;"Node 3386";1
3387;"Node 3387";1
3388;"Node 3388";1
3389;"Node 3389";1
3390;"Node 3390";1
3391;"Node 3391";1
3392;"Node 3392";1
3393;"Node 3393";1
3394;"Node 3394";1
3395;"Node 3395";1
3396;"Node 3396";1
3397;"Node 3397";1
3398;"Node 3398";1
3399;"Node 3399";1
3400;"Node 3400";1
3401;"Node 3401";1
3402;"Node 3402";1
3403;"Node 3403";1
3404;"Node 3404";1
3405;"Node 3405";1
3406;"Node 3406";1
3407;"Node 3407";1
3408;"Node 3408";1
3409;"Node 3409";1
3410;"Node 3410";1
3411;"Node 3411";1
3412;"Node 3412";1
3413;"Node 3413";1
3414;"Node 3414";1
3415;"Node 3415";1
3416;"Node 3416";1
3417;"Node 3417";1
3418;"Node 3418";1
3419;"Node 3419";1
3420;"Node 3420";1
3421;"Node 3421";1
3422;"Node 3422";1
3423;"Node 3423";1
3424;"Node 3424";1
3425;"Node 3425";1
3426;"Node 3426";1
3427;"Node 3427";1
3428;"Node 3428";1
3429;"Node 3429";1
3430;"Node 3430";1
3431;"Node 3431";1
3432;"Node 3432";1
3433;"Node 3433";1
3434;"Node 3434";1
3435;"Node 3435";1
3436;"Node 3436";1
3437;"Node 3437";1
3438;"Node 3438";1
3439;"Node 3439";1
3440;"Node 3440";1
3441;"Node 3441";1
3442;"Node 3442";1
3443;"Node 3443";1
3444;"Node 3444";1
3445;"Node 3445";1
3446;"Node 3446";1
3447;"Node 3447";1
3448;"Node 3448";1
3449;"Node 3449";1
3450;"Node 3450";1
3451;"Node 3451";1
3452;"Node 3452";1
3453;"Node 3453";1
3454;"Node 3454";1
3455;"Node 3455";1
3456;"Node 3456";1
3457;"Node 3457";1
3458;"Node 3458";1
3459;"Node 3459";1
3460;"Node 3460";1
3461;"Node 3461";1
3462;"Node 3462";1
3463;"Node 3463";1
3464;"Node 3464";1
3465;"Node 3465";1
3466;"Node 3466";1
3467;"Node 3467";1
3468;"Node 3468";1
3469;"Node 3469";1
3470;"Node 3470";1
3471;"Node 3471";1
3472;"Node 3472";1
3473;"Node 3473";1
3474;"Node 3474";1
3475;"Node 3475";1
3476;"Node 3476";1
3477;"Node 3477";1
3478;"Node 3478";1
3479;"Node 3479";1
3480;"Node 3480";1
3481;"Node 3481";1
3482;"Node 3482";1
3483;"Node 3483";1
3484;"Node 3484";1
3485;"Node 3485";1
3486;"Node 3486";1
3487;"Node 3487";1
3488;"Node 3488";1
3489;"Node 3489";1
3490;"Node 3490";1
3491;"Node 3491";1
3492;"Node 3492";1
3493;"Node 3493";1
3494;"Node 3494";1
3495;"Node 3495";1
3496;"Node 3496";1
3497;"Node 3497";1
3498;"Node 3498";1
3499;"Node 3499";1
3500;"Node 3500";1
3501;"Node 3501";1
3502;"Node 3502";1
3503;"Node 3503";1
3504;"Node 3504";1
3505;"Node 3505";1
3506;"Node 3506";1
3507;"Node 3507";1
3508;"Node 3508";1
3509;"Node 3509";1
3510;"Node 3510";1
3511;"Node 3511";1
3512;"Node 3512";1
3513;"Node 3513";1
3514;"Node 3514";1
3515;"Node 3515";1
3516;"Node 3516";1
3517;"Node 3517";1
3518;"Node 3518";1
3519;"Node 3519";1
3520;"Node 3520";1
3521;"Node 3521";1
3522;"Node 3522";1
3523;"Node 3523";1
3524;"Node 3524";1
3525;"Node 3525";1
3526;"Node 3526";1
3527;"Node 3527";1
3528;"Node 3528";1
3529;"Node 3529";1
3530;"Node 3530";1
3531;"Node 3531";1
3532;"Node 3532";1
3533;"Node 3533";1
3534;"Node 3534";1
3535;"Node 3535";1
3536;"Node 3536";1
3537;"Node 3537";1
3538;"Node 3538";1
3539;"Node 3539";1
3540;"Node 3540";1
3541;"Node 3541";1
3542;"Node 3542";1
3543;"Node 3543";1
3544;"Node 3544";1
3545;"Node 3545";1
3546;"Node 3546";1
3547;"Node 3547";1
3548;"Node 3548";1
3549;"Node 3549";1
3550;"Node 3550";1
3551;"Node 3551";1
3552;"Node 3552";1
3553;"Node 3553";1
3554;"Node 3554";1
3555;"Node 3555";1
3556;"Node 3556";1
3557;"Node 3557";1
3558;"Node 3558";1
3559;"Node 3559";1
3560;"Node 3560";1
3561;"Node 3561";1
3562;"Node 3562";1
3563;"Node 3563";1
3564;"Node 3564";1
3565;"Node 3565";1
3566;"Node 3566";1
3567;"Node 3567";1
3568;"Node 3568";1
3569;"Node 3569";1
3570;"Node 3570";1
3571;"Node 3571";1
3572;"Node 3572";1
3573;"Node 3573";1
3574;"Node 3574";1
3575;"Node 3575";1
3576;"Node 3576";1
3577;"Node 3577";1
3578;"Node 3578";1
3579;"Node 3579";1
3580;"Node 3580";1
3581;"Node 3581";1
3582;"Node 3582";1
3583;"Node 3583";1
3584;"Node 3584";1
3585;"Node 3585";1
3586;"Node 3586";1
3587;"Node 3587";1
3588;"Node 3588";1
3589;"Node 3589";1
3590;"Node 3590";1
3591;"Node 3591";1
3592;"Node 3592";1
3593;"Node 3593";1
3594;"Node 3594";1
3595;"Node 3595";1
3596;"Node 3596";1
3597;"Node 3597";1
3598;"Node 3598";1
3599;"Node 3599";1
3600;"Node 3600";1
3601;"Node 3601";1
3602;"Node 3602";1
3603;"Node 3603";1
3604;"Node 3604";1
3605;"Node 3605";1
3606;"Node 3606";1
3607;"Node 3607";1
3608;"Node 3608";1
3609;"Node 3609";1
3610;"Node 3610";1
3611;"Node 3611";1
3612;"Node 3612";1
3613;"Node 3613";1
3614;"Node 3614";1
3615;"Node 3615";1
3616;"Node 3616";1
3617;"Node 3617";1
3618;"Node 3618";1
3619;"Node 3619";1
3620;"Node 3620";1
3621;"Node 3621";1
3622;"Node 3622";1
3623;"Node 3623";1
3624;"Node 3624";1
3625;"Node 3625";1
3626;"Node 3626";1
3627;"Node 3627";1
3628;"Node 3628";1
3629;"Node 3629";1
3630;"Node 3630";1
3631;"Node 3631";1
3632;"Node 3632";1
3633;"Node 3633";1
3634;"Node 3634";1
3635;"Node 3635";1
3636;"Node 3636";1
3637;"Node 3637";1
3638;"Node 3638";1
3639;"Node 3639";1
3640;"Node 3640";1
3641;"Node 3641";1
3642;"Node 3642";1
3643;"Node 3643";1
3644;"Node 3644";1
3645;"Node 3645";1
3646;"Node 3646";1
3647;"Node 3647";1
3648;"Node 3648";1
3649;"Node 3649";1
3650;"Node 3650";1
3651;"Node 3651";1
3652;"Node 3652";1
3653;"Node 3653";1
3654;"Node 3654";1
3655;"Node 3655";1
3656;"Node 3656";1
3657;"Node 3657";1
3658;"Node 3658";1
3659;"Node 3659";1
3660;"Node 3660";1
3661;"Node 3661";1
3662;"Node 3662";1
3663;"Node 3663";1
3664;"Node 3664";1
3665;"Node 3665";1
3666;"Node 3666";1
3667;"Node 3667";1
3668;"Node 3668";1
3669;"Node 3669";1
3670;"Node 3670";1
3671;"Node 3671";1
3672;"Node 3672";1
3673;"Node 3673";1
3674;"Node 3674";1
3675;"Node 3675";1
3676;"Node 3676";1
3677;"Node 3677";1
3678;"Node 3678";1
3679;"Node 3679";1
3680;"Node 3680";1
3681;"Node 3681";1
3682;"Node 3682";1
3683;"Node 3683";1
3684;"Node 3684";1
3685;"Node 3685";1
3686;"Node 3686";1
3687;"Node 3687";1
3688;"Node 3688";1
3689;"Node 3689";1
3690;"Node 3690";1
3691;"Node 3691";1
3692;"Node 3692";1
3693;"Node 3693";1
3694;"Node 3694";1
3695;"Node 3695";1
3696;"Node 3696";1
3697;"Node 3697";1
3698;"Node 3698";1
3699;"Node 3699";1
3700;"Node 3700";1
3701;"Node 3701";1
3702;"Node 3702";1
3703;"Node 3703";1
3704;"Node 3704";1
3705;"Node 3705";1
3706;"Node 3706";1
3707;"Node 3707";1
3708;"Node 3708";1
3709;"Node 3709";1
3710;"Node 3710";1
3711;"Node 3711";1
3712;"Node 3712";1
3713;"Node 3713";1
3714;"Node 3714";1
3715;"Node 3715";1
3716;"Node 3716";1
3717;"Node 3717";1
3718;"Node 3718";1
3719;"Node 3719";1
3720;"Node 3720";1
3721;"Node 3721";1
3722;"Node 3722";1
3723;"Node 3723";1
3724;"Node 3724";1
3725;"Node 3725";1
3726;"Node 3726";1
3727;"Node 3727";1
3728;"Node 3728";1
3729;"Node 3729";1
3730;"Node 3730";1
3731;"Node 3731";1
3732;"Node 3732";1
3733;"Node 3733";1
3734;"Node 3734";1
3735;"Node 3735";1
3736;"Node 3736";1
3737;"Node 3737";1
3738;"Node 3738";1
3739;"Node 3739";1
3740;"Node 3740";1
3741;"Node 3741";1
3742;"Node 3742";1
3743;"Node 3743";1
3744;"Node 3744";1
3745;"Node 3745";1
3746;"Node 3746";1
3747;"Node 3747";1
3748;"Node 3748";1
3749;"Node 3749";1
3750;"Node 3750";1
3751;"Node 3751";1
3752;"Node 3752";1
3753;"Node 3753";1
3754;"Node 3754";1
3755;"Node 3755";1
3756;"Node 3756";1
3757;"Node 3757";1
3758;"Node 3758";1
3759;"Node 3759";1
3760;"Node 3760";1
3761;"Node 3761";1
3762;"Node 3762";1
3763;"Node 3763";1
3764;"Node 3764";1
3765;"Node 3765";1
3766;"Node 3766";1
3767;"Node 3767";1
3768;"Node 3768";1
3769;"Node 3769";1
3770;"Node 3770";1
3771;"Node 3771";1
3772;"Node 3772";1
3773;"Node 3773";1
3774;"Node 3774";1
3775;"Node 3775";1
3776;"Node 3776";1
3777;"Node 3777";1
3778;"Node 3778";1
3779;"Node 3779";1
3780;"Node 3780";1
3781;"Node 3781";1
3782;"Node 3782";1
3783;"Node 3783";1
3784;"Node 3784";1
3785;"Node 3785";1
3786;"Node 3786";1
3787;"Node 3787";1
3788;"Node 3788";1
3789;"Node 3789";1
3790;"Node 3790";1
3791;"Node 3791";1
3792;"Node 3792";1
3793;"Node 3793";1
3794;"Node 3794";1
3795;"Node 3795";1
3796;"Node 3796";1
3797;"Node 3797";1
3798;"Node 3798";1
3799;"Node 3799";1
3800;"Node 3800";1
3801;"Node 3801";1
3802;"Node 3802";1
3803;"Node 3803";1
3804;"Node 3804";1
3805;"Node 3805";1
3806;"Node 3806";1
3807;"Node 3807";1
3808;"Node 3808";1
3809;"Node 3809";1
3810;"Node 3810";1
3811;"Node 3811";1
3812;"Node 3812";1
3813;"Node 3813";1
3814;"Node 3814";1
3815;"Node 3815";1
3816;"Node 3816";1
3817;"Node 3817";1
3818;"Node 3818";1
3819;"Node 3819";1
3820;"Node 3820";1
3821;"Node 3821";1
3822;"Node 3822";1
3823;"Node 3823";1
3824;"Node 3824";1
3825;"Node 3825";1
3826;"Node 3826";1
3827;"Node 3827";1
3828;"Node 3828";1
3829;"Node 3829";1
3830;"Node 3830";1
3831;"Node 3831";1
3832;"Node 3832";1
3833;"Node 3833";1
3834;"Node 3834";1
3835;"Node 3835";1
3836;"Node 3836";1
3837;"Node 3837";1
3838;"Node 3838";1
3839;"Node 3839";1
3840;"Node 3840";1
3841;"Node 3841";1
3842;"Node 3842";1
3843;"Node 3843";1
3844;"Node 3844";1
3845;"Node 3845";1
3846;"Node 3846";1
3847;"Node 3847";1
3848;"Node 3848";1
3849;"Node 3849";1
3850;"Node 3850";1
3851;"Node 3851";1
3852;"Node 3852";1
3853;"Node 3853";1
3854;"Node 3854";1
3855;"Node 3855";1
3856;"Node 3856";1
3857;"Node 3857";1
3858;"Node 3858";1
3859;"Node 3859";1
3860;"Node 3860";1
3861;"Node 3861";1
3862;"Node 3862";1
3863;"Node 3863";1
3864;"Node 3864";1
3865;"Node 3865";1
3866;"Node 3866";1
3867;"Node 3867";1
3868;"Node 3868";1
3869;"Node 3869";1
3870;"Node 3870";1
3871;"Node 3871";1
3872;"Node 3872";1
3873;"Node 3873";1
3874;"Node 3874";1
3875;"Node 3875";1
3876;"Node 3876";1
3877;"Node 3877";1
3878;"Node 3878";1
3879;"Node 3879";1
3880;"Node 3880";1
3881;"Node 3881";1
3882;"Node 3882";1
3883;"Node 3883";1
3884;"Node 3884";1
3885;"Node 3885";1
3886;"Node 3886";1
3887;"Node 3887";1
3888;"Node 3888";1
3889;"Node 3889";1
3890;"Node 3890";1
3891;"Node 3891";1
3892;"Node 3892";1
3893;"Node 3893";1
3894;"Node 3894";1
3895;"Node 3895";1
3896;"Node 3896";1
3897;"Node 3897";1
3898;"Node 3898";1
3899;"Node 3899";1
3900;"Node 3900";1
3901;"Node 3901";1
3902;"Node 3902";1
3903;"Node 3903";1
3904;"Node 3904";1
3905;"Node 3905";1
3906;"Node 3906";1
3907;"Node 3907";1
3908;"Node 3908";1
3909;"Node 3909";1
3910;"Node 3910";1
3911;"Node 3911";1
3912;"Node 3912";1
3913;"Node 3913";1
3914;"Node 3914";1
3915;"Node 3915";1
3916;"Node 3916";1
3917;"Node 3917";1
3918;"Node 3918";1
3919;"Node 3919";1
3920;"Node 3920";1
3921;"Node 3921";1
3922;"Node 3922";1
3923;"Node 3923";1
3924;"Node 3924";1
3925;"Node 3925";1
3926;"Node 3926";1
3927;"Node 3927";1
3928;"Node 3928";1
3929;"Node 3929";1
3930;"Node 3930";1
3931;"Node 3931";1
3932;"Node 3932";1
3933;"Node 3933";1
3934;"Node 3934";1
3935;"Node 3935";1
3936;"Node 3936";1
3937;"Node 3937";1
3938;"Node 3938";1
3939;"Node 3939";1
3940;"Node 3940";1
3941;"Node 3941";1
3942;"Node 3942";1
3943;"Node 3943";1
3944;"Node 3944";1
3945;"Node 3945";1
3946;"Node 3946";1
3947;"Node 3947";1
3948;"Node 3948";1
3949;"Node 3949";1
3950;"Node 3950";1
3951;"Node 3951";1
3952;"Node 3952";1
3953;"Node 3953";1
3954;"Node 3954";1
3955;"Node 3955";1
3956;"Node 3956";1
3957;"Node 3957";1
3958;"Node 3958";1
3959;"Node 3959";1
3960;"Node 3960";1
3961;"Node 3961";1
3962;"Node 3962";1
3963;"Node 3963";1
3964;"Node 3964";1
3965;"Node 3965";1
3966;"Node 3966";1
3967;"Node 3967";1
3968;"Node 3968";1
3969;"Node 3969";1
3970;"Node 3970";1
3971;"Node 3971";1
3972;"Node 3972";1
3973;"Node 3973";1
3974;"Node 3974";1
3975;"Node 3975";1
3976;"Node 3976";1
3977;"Node 3977";1
3978;"Node 3978";1
3979;"Node 3979";1
3980;"Node 3980";1
3981;"Node 3981";1
3982;"Node 3982";1
3983;"Node 3983";1
3984;"Node 3984";1
3985;"Node 3985";1
3986;"Node 3986";1
3987;"Node 3987";1
3988;"Node 3988";1
3989;"Node 3989";1
3990;"Node 3990";1
3991;"Node 3991";1
3992;"Node 3992";1
3993;"Node 3993";1
3994;"Node 3994";1
3995;"Node 3995";1
3996;"Node 3996";1
3997;"Node 3997";1
3998;"Node 3998";1
3999;"Node 3999";1
4000;"Node 4000";1
4001;"Node 4001";1
4002;"Node 4002";1
4003;"Node 4003";1
4004;"Node 4004";1
4005;"Node 4005";1
4006;"Node 4006";1
4007;"Node 4007";1
4008;"Node 4008";1
4009;"Node 4009";1
4010;"Node 4010";1
4011;"Node 4011";1
4012;"Node 4012";1
4013;"Node 4013";1
4014;"Node 4014";1
4015;"Node 4015";1
4016;"Node 4016";1
4017;"Node 4017";1
4018;"Node 4018";1
4019;"Node 4019";1
4020;"Node 4020";1
4021;"Node 4021";1
4022;"Node 4022";1
4023;"Node 4023";1
4024;"Node 4024";1
4025;"Node 4025";1
4026;"Node 4026";1
4027;"Node 4027";1
4028;"Node 4028";1
4029;"Node 4029";1
4030;"Node 4030";1
4031;"Node 4031";1
4032;"Node 4032";1
4033;"Node 4033";1
4034;"Node 4034";1
4035;"Node 4035";1
4036;"Node 4036";1
4037;"Node 4037";1
4038;"Node 4038";1
4039;"Node 4039";1
4040;"Node 4040";1
4041;"Node 4041";1
4042;"Node 4042";1
4043;"Node 4043";1
4044;"Node 4044";1
4045;"Node 4045";1
4046;"Node 4046";1
4047;"Node 4047";1
4048;"Node 4048";1
4049;"Node 4049";1
4050;"Node 4050";1
4051;"Node 4051";1
4052;"Node 4052";1
4053;"Node 4053";1
4054;"Node 4054";1
4055;"Node 4055";1
4056;"Node 4056";1
4057;"Node 4057";1
4058;"Node 4058";1
4059;"Node 4059";1
4060;"Node 4060";1
4061;"Node 4061";1
4062;"Node 4062";1
4063;"Node 4063";1
4064;"Node 4064";1
4065;"Node 4065";1
4066;"Node 4066";1
4067;"Node 4067";1
4068;"Node 4068";1
4069;"Node 4069";1
4070;"Node 4070";1
4071;"Node 4071";1
4072;"Node 4072";1
4073;"Node 4073";1
4074;"Node 4074";1
4075;"Node 4075";1
4076;"Node 4076";1
4077;"Node 4077";1
4078;"Node 4078";1
4079;"Node 4079";1
4080;"Node 4080";1
4081;"Node 4081";1
4082;"Node 4082";1
4083;"Node 4083";1
4084;"Node 4084";1
4085;"Node 4085";1
4086;"Node 4086";1
4087;"Node 4087";1
4088;"Node 4088";1
4089;"Node 4089";1
4090;"Node 4090";1
4091;"Node 4091";1
4092;"Node 4092";1
4093;"Node 4093";1
4094;"Node 4094";1
4095;"Node 4095";1
4096;"Node 4096";1
4097;"Node 4097";1
4098;"Node 4098";1
4099;"Node 4099";1
4100;"Node 4100";1
4101;"Node 4101";1
4102;"Node 4102";1
4103;"Node 4103";1
4104;"Node 4104";1
4105;"Node 4105";1
4106;"Node 4106";1
4107;"Node 4107";1
4108;"Node 4108";1
4109;"Node 4109";1
4110;"Node 4110";1
4111;"Node 4111";1
4112;"Node 4112";1
4113;"Node 4113";1
4114;"Node 4114";1
4115;"Node 4115";1
4116;"Node 4116";1
4117;"Node 4117";1
4118;"Node 4118";1
4119;"Node 4119";1
4120;"Node 4120";1
4121;"Node 4121";1
4122;"Node 4122";1
4123;"Node 4123";1
4124;"Node 4124";1
4125;"Node 4125";1
4126;"Node 4126";1
4127;"Node 4127";1
4128;"Node 4128";1
4129;"Node 4129";1
4130;"Node 4130";1
4131;"Node 4131";1
4132;"Node 4132";1
4133;"Node 4133";1
4134;"Node 4134";1
4135;"Node 4135";1
4136;"Node 4136";1
4137;"Node 4137";1
4138;"Node 4138";1
4139;"Node 4139";1
4140;"Node 4140";1
4141;"Node 4141";1
4142;"Node 4142";1
4143;"Node 4143";1
4144;"Node 4144";1
4145;"Node 4145";1
4146;"Node 4146";1
4147;"Node 4147";1
4148;"Node 4148";1
4149;"Node 4149";1
4150;"Node 4150";1
4151;"Node 4151";1
4152;"Node 4152";1
4153;"Node 4153";1
4154;"Node 4154";1
4155;"Node 4155";1
4156;"Node 4156";1
4157;"Node 4157";1
4158;"Node 4158";1
4159;"Node 4159";1
4160;"Node 4160";1
4161;"Node 4161";1
4162;"Node 4162";1
4163;"Node 4163";1
4164;"Node 4164";1
4165;"Node 4165";1
4166;"Node 4166";1
4167;"Node 4167";1
4168;"Node 4168";1
4169;"Node 4169";1
4170;"Node 4170";1
4171;"Node 4171";1
4172;"Node 4172";1
4173;"Node 4173";1
4174;"Node 4174";1
4175;"Node 4175";1
4176;"Node 4176";1
4177;"Node 4177";1
4178;"Node 4178";1
4179;"Node 4179";1
4180;"Node 4180";1
4181;"Node 4181";1
4182;"Node 4182";1
4183;"Node 4183";1
4184;"Node 4184";1
4185;"Node 4185";1
4186;"Node 4186";1
4187;"Node 4187";1
4188;"Node 4188";1
4189;"Node 4189";1
4190;"Node 4190";1
4191;"Node 4191";1
4192;"Node 4192";1
4193;"Node 4193";1
4194;"Node 4194";1
4195;"Node 4195";1
4196;"Node 4196";1
4197;"Node 4197";1
4198;"Node 4198";1
4199;"Node 4199";1
4200;"Node 4200";1
4201;"Node 4201";1
4202;"Node 4202";1
4203;"Node 4203";1
4204;"Node 4204";1
4205;"Node 4205";1
4206;"Node 4206";1
4207;"Node 4207";1
4208;"Node 4208";1
4209;"Node 4209";1
4210;"Node 4210";1
4211;"Node 4211";1
4212;"Node 4212";1
4213;"Node 4213";1
4214;"Node 4214";1
4215;"Node 4215";1
4216;"Node 4216";1
4217;"Node 4217";1
4218;"Node 4218";1
4219;"Node 4219";1
4220;"Node 4220";1
4221;"Node 4221";1
4222;"Node 4222";1
4223;"Node 4223";1
4224;"Node 4224";1
4225;"Node 4225";1
4226;"Node 4226";1
4227;"Node 4227";1
4228;"Node 4228";1
4229;"Node 4229";1
4230;"Node 4230";1
4231;"Node 4231";1
4232;"Node 4232";1
4233;"Node 4233";1
4234;"Node 4234";1
4235;"Node 4235";1
4236;"Node 4236";1
4237;"Node 4237";1
4238;"Node 4238";1
4239;"Node 4239";1
4240;"Node 4240";1
4241;"Node 4241";1
4242;"Node 4242";1
4243;"Node 4243";1
4244;"Node 4244";1
4245;"Node 4245";1
4246;"Node 4246";1
4247;"Node 4247";1
4248;"Node 4248";1
4249;"Node 4249";1
4250;"Node 4250";1
4251;"Node 4251";1
4252;"Node 4252";1
4253;"Node 4253";1
4254;"Node 4254";1
4255;"Node 4255";1
4256;"Node 4256";1
4257;"Node 4257";1
4258;"Node 4258";1
4259;"Node 4259";1
4260;"Node 4260";1
4261;"Node 4261";1
4262;"Node 4262";1
4263;"Node 4263";1
4264;"Node 4264";1
4265;"Node 4265";1
4266;"Node 4266";1
4267;"Node 4267";1
4268;"Node 4268";1
4269;"Node 4269";1
4270;"Node 4270";1
4271;"Node 4271";1
4272;"Node 4272";1
4273;"Node 4273";1
4274;"Node 4274";1
4275;"Node 4275";1
4276;"Node 4276";1
4277;"Node 4277";1
4278;"Node 4278";1
4279;"Node 4279";1
4280;"Node 4280";1
4281;"Node 4281";1
4282;"Node 4282";1
4283;"Node 4283";1
4284;"Node 4284";1
4285;"Node 4285";1
4286;"Node 4286";1
4287;"Node 4287";1
4288;"Node 4288";1
4289;"Node 4289";1
4290;"Node 4290";1
4291;"Node 4291";1
4292;"Node 4292";1
4293;"Node 4293";1
4294;"Node 4294";1
4295;"Node 4295";1
4296;"Node 4296";1
4297;"Node 4297";1
4298;"Node 4298";1
4299;"Node 4299";1
4300;"Node 4300";1
4301;"Node 4301";1
4302;"Node 4302";1
4303;"Node 4303";1
4304;"Node 4304";1
4305;"Node 4305";1
4306;"Node 4306";1
4307;"Node 4307";1
4308;"Node 4308";1
4309;"Node 4309";1
4310;"Node 4310";1
4311;"Node 4311";1
4312;"Node 4312";1
4313;"Node 4313";1
4314;"Node 4314";1
4315;"Node 4315";1
4316;"Node 4316";1
4317;"Node 4317";1
4318;"Node 4318";1
4319;"Node 4319";1
4320;"Node 4320";1
4321;"Node 4321";1
4322;"Node 4322";1
4323;"Node 4323";1
4324;"Node 4324";1
4325;"Node 4325";1
4326;"Node 4326";1
4327;"Node 4327";1
4328;"Node 4328";1
4329;"Node 4329";1
4330;"Node 4330";1
4331;"Node 4331";1
4332;"Node 4332";1
4333;"Node 4333";1
4334;"Node 4334";1
4335;"Node 4335";1
4336;"Node 4336";1
4337;"Node 4337";1
4338;"Node 4338";1
4339;"Node 4339";1
4340;"Node 4340";1
4341;"Node 4341";1
4342;"Node 4342";1
4343;"Node 4343";1
4344;"Node 4344";1
4345;"Node 4345";1
4346;"Node 4346";1
4347;"Node 4347";1
4348;"Node 4348";1
4349;"Node 4349";1
4350;"Node 4350";1
4351;"Node 4351";1
4352;"Node 4352";1
4353;"Node 4353";1
4354;"Node 4354";1
4355;"Node 4355";1
4356;"Node 4356";1
4357;"Node 4357";1
4358;"Node 4358";1
4359;"Node 4359";1
4360;"Node 4360";1
4361;"Node 4361";1
4362;"Node 4362";1
4363;"Node 4363";1
4364;"Node 4364";1
4365;"Node 4365";1
4366;"Node 4366";1
4367;"Node 4367";1
4368;"Node 4368";1
4369;"Node 4369";1
4370;"Node 4370";1
4371;"Node 4371";1
4372;"Node 4372";1
4373;"Node 4373";1
4374;"Node 4374";1
4375;"Node 4375";1
4376;"Node 4376";1
4377;"Node 4377";1
4378;"Node 4378";1
4379;"Node 4379";1
4380;"Node 4380";1
4381;"Node 4381";1
4382;"Node 4382";1
4383;"Node 4383";1
4384;"Node 4384";1
4385;"Node 4385";1
4386;"Node 4386";1
4387;"Node 4387";1
4388;"Node 4388";1
4389;"Node 4389";1
4390;"Node 4390";1
4391;"Node 4391";1
4392;"Node 4392";1
4393;"Node 4393";1
4394;"Node 4394";1
4395;"Node 4395";1
4396;"Node 4396";1
4397;"Node 4397";1
4398;"Node 4398";1
4399;"Node 4399";1
4400;"Node 4400";1
4401;"Node 4401";1
4402;"Node 4402";1
4403;"Node 4403";1
4404;"Node 4404";1
4405;"Node 4405";1
4406;"Node 4406";1
4407;"Node 4407";1
4408;"Node 4408";1
4409;"Node 4409";1
4410;"Node 4410";1
4411;"Node 4411";1
4412;"Node 4412";1
4413;"Node 4413";1
4414;"Node 4414";1
4415;"Node 4415";1
4416;"Node 4416";1
4417;"Node 4417";1
4418;"Node 4418";1
4419;"Node 4419";1
4420;"Node 4420";1
4421;"Node 4421";1
4422;"Node 4422";1
4423;"Node 4423";1
4424;"Node 4424";1
4425;"Node 4425";1
4426;"Node 4426";1
4427;"Node 4427";1
4428;"Node 4428";1
4429;"Node 4429";1
4430;"Node 4430";1
4431;"Node 4431";1
4432;"Node 4432";1
4433;"Node 4433";1
4434;"Node 4434";1
4435;"Node 4435";1
4436;"Node 4436";1
4437;"Node 4437";1
4438;"Node 4438";1
4439;"Node 4439";1
4440;"Node 4440";1
4441;"Node 4441";1
4442;"Node 4442";1
4443;"Node 4443";1
4444;"Node 4444";1
4445;"Node 4445";1
4446;"Node 4446";1
4447;"Node 4447";1
4448;"Node 4448";1
4449;"Node 4449";1
4450;"Node 4450";1
4451;"Node 4451";1
4452;"Node 4452";1
4453;"Node 4453";1
4454;"Node 4454";1
4455;"Node 4455";1
4456;"Node 4456";1
4457;"Node 4457";1
4458;"Node 4458";1
4459;"Node 4459";1
4460;"Node 4460";1
4461;"Node 4461";1
4462;"Node 4462";1
4463;"Node 4463";1
4464;"Node 4464";1
4465;"Node 4465";1
4466;"Node 4466";1
4467;"Node 4467";1
4468;"Node 4468";1
4469;"Node 4469";1
4470;"Node 4470";1
4471;"Node 4471";1
4472;"Node 4472";1
4473;"Node 4473";1
4474;"Node 4474";1
4475;"Node 4475";1
4476;"Node 4476";1
4477;"Node 4477";1
4478;"Node 4478";1
4479;"Node 4479";1
4480;"Node 4480";1
4481;"Node 4481";1
4482;"Node 4482";1
4483;"Node 4483";1
4484;"Node 4484";1
4485;"Node 4485";1
4486;"Node 4486";1
4487;"Node 4487";1
4488;"Node 4488";1
4489;"Node 4489";1
4490;"Node 4490";1
4491;"Node 4491";1
4492;"Node 4492";1
4493;"Node 4493";1
4494;"Node 4494";1
4495;"Node 4495";1
4496;"Node 4496";1
4497;"Node 4497";1
4498;"Node 4498";1
4499;"Node 4499";1
4500;"Node 4500";1
4501;"Node 4501";1
4502;"Node 4502";1
4503;"Node 4503";1
4504;"Node 4504";1
4505;"Node 4505";1
4506;"Node 4506";1
4507;"Node 4507";1
4508;"Node 4508";1
4509;"Node 4509";1
4510;"Node 4510";1
4511;"Node 4511";1
4512;"Node 4512";1
4513;"Node 4513";1
4514;"Node 4514";1
4515;"Node 4515";1
4516;"Node 4516";1
4517;"Node 4517";1
4518;"Node 4518";1
4519;"Node 4519";1
